AI	dNBR	years	slope	I12_crit_mean
0.5	0	0.434	0.1	500
0.5	0	0.434	0.2	500
0.5	0	0.434	0.3	500
0.5	0	0.434	0.4	500
0.5	0	0.434	0.5	500
0.5	0	0.434	0.6	500
0.5	0	0.434	0.7	500
0.5	0	0.434	0.8	500
0.5	0	0.434	0.9	500
0.5	0	0.434	1	500
0.5	0	1.434	0.1	500
0.5	0	1.434	0.2	500
0.5	0	1.434	0.3	500
0.5	0	1.434	0.4	500
0.5	0	1.434	0.5	500
0.5	0	1.434	0.6	500
0.5	0	1.434	0.7	500
0.5	0	1.434	0.8	500
0.5	0	1.434	0.9	500
0.5	0	1.434	1	500
0.5	100	0.434	0.1	500
0.5	100	0.434	0.2	500
0.5	100	0.434	0.3	500
0.5	100	0.434	0.4	500
0.5	100	0.434	0.5	500
0.5	100	0.434	0.6	500
0.5	100	0.434	0.7	500
0.5	100	0.434	0.8	500
0.5	100	0.434	0.9	500
0.5	100	0.434	1	500
0.5	100	1.434	0.1	500
0.5	100	1.434	0.2	500
0.5	100	1.434	0.3	500
0.5	100	1.434	0.4	500
0.5	100	1.434	0.5	500
0.5	100	1.434	0.6	500
0.5	100	1.434	0.7	500
0.5	100	1.434	0.8	500
0.5	100	1.434	0.9	500
0.5	100	1.434	1	500
0.5	200	0.434	0.1	500
0.5	200	0.434	0.2	500
0.5	200	0.434	0.3	500
0.5	200	0.434	0.4	500
0.5	200	0.434	0.5	500
0.5	200	0.434	0.6	500
0.5	200	0.434	0.7	500
0.5	200	0.434	0.8	500
0.5	200	0.434	0.9	500
0.5	200	0.434	1	500
0.5	200	1.434	0.1	500
0.5	200	1.434	0.2	500
0.5	200	1.434	0.3	500
0.5	200	1.434	0.4	500
0.5	200	1.434	0.5	500
0.5	200	1.434	0.6	500
0.5	200	1.434	0.7	500
0.5	200	1.434	0.8	500
0.5	200	1.434	0.9	500
0.5	200	1.434	1	500
0.5	300	0.434	0.1	500
0.5	300	0.434	0.2	500
0.5	300	0.434	0.3	500
0.5	300	0.434	0.4	500
0.5	300	0.434	0.5	500
0.5	300	0.434	0.6	500
0.5	300	0.434	0.7	500
0.5	300	0.434	0.8	500
0.5	300	0.434	0.9	500
0.5	300	0.434	1	500
0.5	300	1.434	0.1	500
0.5	300	1.434	0.2	500
0.5	300	1.434	0.3	500
0.5	300	1.434	0.4	500
0.5	300	1.434	0.5	500
0.5	300	1.434	0.6	500
0.5	300	1.434	0.7	500
0.5	300	1.434	0.8	500
0.5	300	1.434	0.9	500
0.5	300	1.434	1	500
0.5	400	0.434	0.1	500
0.5	400	0.434	0.2	500
0.5	400	0.434	0.3	500
0.5	400	0.434	0.4	500
0.5	400	0.434	0.5	500
0.5	400	0.434	0.6	500
0.5	400	0.434	0.7	500
0.5	400	0.434	0.8	500
0.5	400	0.434	0.9	500
0.5	400	0.434	1	500
0.5	400	1.434	0.1	500
0.5	400	1.434	0.2	500
0.5	400	1.434	0.3	500
0.5	400	1.434	0.4	500
0.5	400	1.434	0.5	500
0.5	400	1.434	0.6	500
0.5	400	1.434	0.7	500
0.5	400	1.434	0.8	500
0.5	400	1.434	0.9	500
0.5	400	1.434	1	500
0.5	500	0.434	0.1	500
0.5	500	0.434	0.2	500
0.5	500	0.434	0.3	500
0.5	500	0.434	0.4	500
0.5	500	0.434	0.5	500
0.5	500	0.434	0.6	500
0.5	500	0.434	0.7	500
0.5	500	0.434	0.8	500
0.5	500	0.434	0.9	500
0.5	500	0.434	1	500
0.5	500	1.434	0.1	500
0.5	500	1.434	0.2	500
0.5	500	1.434	0.3	500
0.5	500	1.434	0.4	500
0.5	500	1.434	0.5	500
0.5	500	1.434	0.6	500
0.5	500	1.434	0.7	500
0.5	500	1.434	0.8	500
0.5	500	1.434	0.9	500
0.5	500	1.434	1	500
0.5	600	0.434	0.1	500
0.5	600	0.434	0.2	500
0.5	600	0.434	0.3	500
0.5	600	0.434	0.4	500
0.5	600	0.434	0.5	500
0.5	600	0.434	0.6	500
0.5	600	0.434	0.7	500
0.5	600	0.434	0.8	500
0.5	600	0.434	0.9	500
0.5	600	0.434	1	500
0.5	600	1.434	0.1	500
0.5	600	1.434	0.2	500
0.5	600	1.434	0.3	500
0.5	600	1.434	0.4	500
0.5	600	1.434	0.5	500
0.5	600	1.434	0.6	500
0.5	600	1.434	0.7	500
0.5	600	1.434	0.8	500
0.5	600	1.434	0.9	500
0.5	600	1.434	1	500
0.5	700	0.434	0.1	500
0.5	700	0.434	0.2	434.261887295
0.5	700	0.434	0.3	367.23755584
0.5	700	0.434	0.4	332.335531538
0.5	700	0.434	0.5	310.869582473
0.5	700	0.434	0.6	296.134163086
0.5	700	0.434	0.7	285.594212823
0.5	700	0.434	0.8	277.197684681
0.5	700	0.434	0.9	270.408578956
0.5	700	0.434	1	264.975618836
0.5	700	1.434	0.1	500
0.5	700	1.434	0.2	500
0.5	700	1.434	0.3	500
0.5	700	1.434	0.4	500
0.5	700	1.434	0.5	500
0.5	700	1.434	0.6	500
0.5	700	1.434	0.7	500
0.5	700	1.434	0.8	500
0.5	700	1.434	0.9	500
0.5	700	1.434	1	500
0.5	800	0.434	0.1	500
0.5	800	0.434	0.2	500
0.5	800	0.434	0.3	328.407813574
0.5	800	0.434	0.4	293.608461488
0.5	800	0.434	0.5	272.138058869
0.5	800	0.434	0.6	257.498086661
0.5	800	0.434	0.7	246.784428925
0.5	800	0.434	0.8	238.578854651
0.5	800	0.434	0.9	232.162016129
0.5	800	0.434	1	226.761916734
0.5	800	1.434	0.1	500
0.5	800	1.434	0.2	500
0.5	800	1.434	0.3	500
0.5	800	1.434	0.4	500
0.5	800	1.434	0.5	500
0.5	800	1.434	0.6	500
0.5	800	1.434	0.7	500
0.5	800	1.434	0.8	500
0.5	800	1.434	0.9	500
0.5	800	1.434	1	500
0.5	900	0.434	0.1	500
0.5	900	0.434	0.2	364.511448828
0.5	900	0.434	0.3	296.768354355
0.5	900	0.434	0.4	262.010365523
0.5	900	0.434	0.5	240.400605469
0.5	900	0.434	0.6	225.791518273
0.5	900	0.434	0.7	215.140068086
0.5	900	0.434	0.8	206.962152792
0.5	900	0.434	0.9	200.367406391
0.5	900	0.434	1	195.187239746
0.5	900	1.434	0.1	500
0.5	900	1.434	0.2	500
0.5	900	1.434	0.3	500
0.5	900	1.434	0.4	500
0.5	900	1.434	0.5	500
0.5	900	1.434	0.6	500
0.5	900	1.434	0.7	500
0.5	900	1.434	0.8	500
0.5	900	1.434	0.9	500
0.5	900	1.434	1	500
0.5	1000	0.434	0.1	500
0.5	1000	0.434	0.2	339.256716224
0.5	1000	0.434	0.3	271.128065586
0.5	1000	0.434	0.4	236.001148634
0.5	1000	0.434	0.5	214.462575426
0.5	1000	0.434	0.6	199.825020894
0.5	1000	0.434	0.7	189.147781446
0.5	1000	0.434	0.8	181.010524649
0.5	1000	0.434	0.9	174.519268907
0.5	1000	0.434	1	169.257813945
0.5	1000	1.434	0.1	500
0.5	1000	1.434	0.2	500
0.5	1000	1.434	0.3	500
0.5	1000	1.434	0.4	500
0.5	1000	1.434	0.5	500
0.5	1000	1.434	0.6	500
0.5	1000	1.434	0.7	500
0.5	1000	1.434	0.8	500
0.5	1000	1.434	0.9	500
0.5	1000	1.434	1	500
0.75	0	0.434	0.1	500
0.75	0	0.434	0.2	500
0.75	0	0.434	0.3	500
0.75	0	0.434	0.4	500
0.75	0	0.434	0.5	500
0.75	0	0.434	0.6	500
0.75	0	0.434	0.7	500
0.75	0	0.434	0.8	500
0.75	0	0.434	0.9	500
0.75	0	0.434	1	500
0.75	0	1.434	0.1	500
0.75	0	1.434	0.2	500
0.75	0	1.434	0.3	500
0.75	0	1.434	0.4	500
0.75	0	1.434	0.5	500
0.75	0	1.434	0.6	500
0.75	0	1.434	0.7	500
0.75	0	1.434	0.8	500
0.75	0	1.434	0.9	500
0.75	0	1.434	1	500
0.75	100	0.434	0.1	500
0.75	100	0.434	0.2	500
0.75	100	0.434	0.3	500
0.75	100	0.434	0.4	500
0.75	100	0.434	0.5	500
0.75	100	0.434	0.6	500
0.75	100	0.434	0.7	500
0.75	100	0.434	0.8	500
0.75	100	0.434	0.9	500
0.75	100	0.434	1	500
0.75	100	1.434	0.1	500
0.75	100	1.434	0.2	500
0.75	100	1.434	0.3	500
0.75	100	1.434	0.4	500
0.75	100	1.434	0.5	500
0.75	100	1.434	0.6	500
0.75	100	1.434	0.7	500
0.75	100	1.434	0.8	500
0.75	100	1.434	0.9	500
0.75	100	1.434	1	500
0.75	200	0.434	0.1	500
0.75	200	0.434	0.2	500
0.75	200	0.434	0.3	500
0.75	200	0.434	0.4	500
0.75	200	0.434	0.5	500
0.75	200	0.434	0.6	500
0.75	200	0.434	0.7	500
0.75	200	0.434	0.8	500
0.75	200	0.434	0.9	500
0.75	200	0.434	1	500
0.75	200	1.434	0.1	500
0.75	200	1.434	0.2	500
0.75	200	1.434	0.3	500
0.75	200	1.434	0.4	500
0.75	200	1.434	0.5	500
0.75	200	1.434	0.6	500
0.75	200	1.434	0.7	500
0.75	200	1.434	0.8	500
0.75	200	1.434	0.9	500
0.75	200	1.434	1	500
0.75	300	0.434	0.1	500
0.75	300	0.434	0.2	500
0.75	300	0.434	0.3	500
0.75	300	0.434	0.4	500
0.75	300	0.434	0.5	500
0.75	300	0.434	0.6	500
0.75	300	0.434	0.7	500
0.75	300	0.434	0.8	500
0.75	300	0.434	0.9	500
0.75	300	0.434	1	500
0.75	300	1.434	0.1	500
0.75	300	1.434	0.2	500
0.75	300	1.434	0.3	500
0.75	300	1.434	0.4	500
0.75	300	1.434	0.5	500
0.75	300	1.434	0.6	500
0.75	300	1.434	0.7	500
0.75	300	1.434	0.8	500
0.75	300	1.434	0.9	500
0.75	300	1.434	1	500
0.75	400	0.434	0.1	500
0.75	400	0.434	0.2	365.79946875
0.75	400	0.434	0.3	315.976948882
0.75	400	0.434	0.4	289.754660809
0.75	400	0.434	0.5	273.732136977
0.75	400	0.434	0.6	262.646327441
0.75	400	0.434	0.7	254.079666821
0.75	400	0.434	0.8	247.449024722
0.75	400	0.434	0.9	242.209792969
0.75	400	0.434	1	238.789631512
0.75	400	1.434	0.1	500
0.75	400	1.434	0.2	500
0.75	400	1.434	0.3	500
0.75	400	1.434	0.4	500
0.75	400	1.434	0.5	500
0.75	400	1.434	0.6	500
0.75	400	1.434	0.7	500
0.75	400	1.434	0.8	500
0.75	400	1.434	0.9	500
0.75	400	1.434	1	500
0.75	500	0.434	0.1	500
0.75	500	0.434	0.2	329.608142187
0.75	500	0.434	0.3	279.433222922
0.75	500	0.434	0.4	253.395364062
0.75	500	0.434	0.5	237.2168645
0.75	500	0.434	0.6	226.034591406
0.75	500	0.434	0.7	218.014852344
0.75	500	0.434	0.8	211.658478711
0.75	500	0.434	0.9	206.503150176
0.75	500	0.434	1	202.273050955
0.75	500	1.434	0.1	500
0.75	500	1.434	0.2	500
0.75	500	1.434	0.3	500
0.75	500	1.434	0.4	500
0.75	500	1.434	0.5	500
0.75	500	1.434	0.6	500
0.75	500	1.434	0.7	500
0.75	500	1.434	0.8	500
0.75	500	1.434	0.9	500
0.75	500	1.434	1	500
0.75	600	0.434	0.1	500
0.75	600	0.434	0.2	299.851738281
0.75	600	0.434	0.3	249.638324731
0.75	600	0.434	0.4	223.545681636
0.75	600	0.434	0.5	207.515857133
0.75	600	0.434	0.6	196.343655121
0.75	600	0.434	0.7	188.161020046
0.75	600	0.434	0.8	181.91086084
0.75	600	0.434	0.9	177.067484792
0.75	600	0.434	1	173.067141182
0.75	600	1.434	0.1	500
0.75	600	1.434	0.2	500
0.75	600	1.434	0.3	500
0.75	600	1.434	0.4	500
0.75	600	1.434	0.5	500
0.75	600	1.434	0.6	500
0.75	600	1.434	0.7	500
0.75	600	1.434	0.8	500
0.75	600	1.434	0.9	500
0.75	600	1.434	1	500
0.75	700	0.434	0.1	422.003285773
0.75	700	0.434	0.2	276.112121012
0.75	700	0.434	0.3	225.429936112
0.75	700	0.434	0.4	199.253252344
0.75	700	0.434	0.5	183.137753906
0.75	700	0.434	0.6	172.163296083
0.75	700	0.434	0.7	163.984718144
0.75	700	0.434	0.8	157.733750732
0.75	700	0.434	0.9	152.826928896
0.75	700	0.434	1	148.838906616
0.75	700	1.434	0.1	500
0.75	700	1.434	0.2	500
0.75	700	1.434	0.3	500
0.75	700	1.434	0.4	500
0.75	700	1.434	0.5	500
0.75	700	1.434	0.6	500
0.75	700	1.434	0.7	500
0.75	700	1.434	0.8	500
0.75	700	1.434	0.9	500
0.75	700	1.434	1	500
0.75	800	0.434	0.1	402.842479666
0.75	800	0.434	0.2	256.636230698
0.75	800	0.434	0.3	205.572726453
0.75	800	0.434	0.4	179.34040625
0.75	800	0.434	0.5	163.2185821
0.75	800	0.434	0.6	152.165709731
0.75	800	0.434	0.7	144.059035259
0.75	800	0.434	0.8	137.895113521
0.75	800	0.434	0.9	133.01952703
0.75	800	0.434	1	129.03859769
0.75	800	1.434	0.1	500
0.75	800	1.434	0.2	500
0.75	800	1.434	0.3	500
0.75	800	1.434	0.4	500
0.75	800	1.434	0.5	500
0.75	800	1.434	0.6	500
0.75	800	1.434	0.7	500
0.75	800	1.434	0.8	500
0.75	800	1.434	0.9	500
0.75	800	1.434	1	500
0.75	900	0.434	0.1	386.971654139
0.75	900	0.434	0.2	240.786562168
0.75	900	0.434	0.3	189.497717246
0.75	900	0.434	0.4	163.052176582
0.75	900	0.434	0.5	146.883442383
0.75	900	0.434	0.6	135.860162183
0.75	900	0.434	0.7	127.772900039
0.75	900	0.434	0.8	121.624705479
0.75	900	0.434	0.9	116.774180488
0.75	900	0.434	1	112.823213326
0.75	900	1.434	0.1	500
0.75	900	1.434	0.2	500
0.75	900	1.434	0.3	500
0.75	900	1.434	0.4	500
0.75	900	1.434	0.5	500
0.75	900	1.434	0.6	500
0.75	900	1.434	0.7	500
0.75	900	1.434	0.8	500
0.75	900	1.434	0.9	500
0.75	900	1.434	1	500
0.75	1000	0.434	0.1	373.876910942
0.75	1000	0.434	0.2	227.985973729
0.75	1000	0.434	0.3	176.552439805
0.75	1000	0.434	0.4	150.004323301
0.75	1000	0.434	0.5	133.737386953
0.75	1000	0.434	0.6	122.618597021
0.75	1000	0.434	0.7	114.567811582
0.75	1000	0.434	0.8	108.421378271
0.75	1000	0.434	0.9	103.535175781
0.75	1000	0.434	1	99.5963782709
0.75	1000	1.434	0.1	500
0.75	1000	1.434	0.2	500
0.75	1000	1.434	0.3	500
0.75	1000	1.434	0.4	500
0.75	1000	1.434	0.5	500
0.75	1000	1.434	0.6	500
0.75	1000	1.434	0.7	500
0.75	1000	1.434	0.8	500
0.75	1000	1.434	0.9	500
0.75	1000	1.434	1	500
1	0	0.434	0.1	469.838931914
1	0	0.434	0.2	358.316955078
1	0	0.434	0.3	319.242326729
1	0	0.434	0.4	298.897859561
1	0	0.434	0.5	285.469812686
1	0	0.434	0.6	276.315982954
1	0	0.434	0.7	270.250163179
1	0	0.434	0.8	264.781927385
1	0	0.434	0.9	260.510067476
1	0	0.434	1	256.953652832
1	0	1.434	0.1	500
1	0	1.434	0.2	500
1	0	1.434	0.3	500
1	0	1.434	0.4	500
1	0	1.434	0.5	500
1	0	1.434	0.6	500
1	0	1.434	0.7	500
1	0	1.434	0.8	500
1	0	1.434	0.9	500
1	0	1.434	1	500
1	100	0.434	0.1	500
1	100	0.434	0.2	316.402805977
1	100	0.434	0.3	277.290191406
1	100	0.434	0.4	257.107557778
1	100	0.434	0.5	244.24231293
1	100	0.434	0.6	235.249008891
1	100	0.434	0.7	228.562797305
1	100	0.434	0.8	224.233901324
1	100	0.434	0.9	219.986520562
1	100	0.434	1	216.583148545
1	100	1.434	0.1	500
1	100	1.434	0.2	500
1	100	1.434	0.3	500
1	100	1.434	0.4	500
1	100	1.434	0.5	500
1	100	1.434	0.6	500
1	100	1.434	0.7	500
1	100	1.434	0.8	500
1	100	1.434	0.9	500
1	100	1.434	1	500
1	200	0.434	0.1	394.526013804
1	200	0.434	0.2	282.295999005
1	200	0.434	0.3	243.165751061
1	200	0.434	0.4	222.884611765
1	200	0.434	0.5	210.160224609
1	200	0.434	0.6	201.457471611
1	200	0.434	0.7	195.005868398
1	200	0.434	0.8	190.245952763
1	200	0.434	0.9	186.850840972
1	200	0.434	1	183.404538283
1	200	1.434	0.1	500
1	200	1.434	0.2	500
1	200	1.434	0.3	500
1	200	1.434	0.4	500
1	200	1.434	0.5	500
1	200	1.434	0.6	500
1	200	1.434	0.7	500
1	200	1.434	0.8	500
1	200	1.434	0.9	500
1	200	1.434	1	500
1	300	0.434	0.1	367.466907981
1	300	0.434	0.2	254.412946535
1	300	0.434	0.3	215.20198415
1	300	0.434	0.4	194.977511269
1	300	0.434	0.5	182.226747305
1	300	0.434	0.6	173.51885608
1	300	0.434	0.7	167.26846975
1	300	0.434	0.8	162.458027141
1	300	0.434	0.9	159.64936978
1	300	0.434	1	156.241116738
1	300	1.434	0.1	500
1	300	1.434	0.2	500
1	300	1.434	0.3	500
1	300	1.434	0.4	500
1	300	1.434	0.5	500
1	300	1.434	0.6	500
1	300	1.434	0.7	500
1	300	1.434	0.8	500
1	300	1.434	0.9	500
1	300	1.434	1	500
1	400	0.434	0.1	345.121875313
1	400	0.434	0.2	231.782924141
1	400	0.434	0.3	192.435133404
1	400	0.434	0.4	172.151901797
1	400	0.434	0.5	159.507607188
1	400	0.434	0.6	150.872068976
1	400	0.434	0.7	144.546209844
1	400	0.434	0.8	139.700950898
1	400	0.434	0.9	136.116369682
1	400	0.434	1	133.881683203
1	400	1.434	0.1	500
1	400	1.434	0.2	500
1	400	1.434	0.3	500
1	400	1.434	0.4	500
1	400	1.434	0.5	500
1	400	1.434	0.6	500
1	400	1.434	0.7	500
1	400	1.434	0.8	500
1	400	1.434	0.9	500
1	400	1.434	1	500
1	500	0.434	0.1	327.25588023
1	500	0.434	0.2	213.442293203
1	500	0.434	0.3	173.856562358
1	500	0.434	0.4	153.451631895
1	500	0.434	0.5	140.891389707
1	500	0.434	0.6	132.279494411
1	500	0.434	0.7	125.976706669
1	500	0.434	0.8	121.146458184
1	500	0.434	0.9	117.343718291
1	500	0.434	1	115.417788074
1	500	1.434	0.1	500
1	500	1.434	0.2	500
1	500	1.434	0.3	500
1	500	1.434	0.4	500
1	500	1.434	0.5	500
1	500	1.434	0.6	500
1	500	1.434	0.7	500
1	500	1.434	0.8	500
1	500	1.434	0.9	500
1	500	1.434	1	500
1	600	0.434	0.1	312.83008782
1	600	0.434	0.2	198.636554648
1	600	0.434	0.3	158.814484336
1	600	0.434	0.4	138.368851523
1	600	0.434	0.5	125.706929414
1	600	0.434	0.6	117.104162109
1	600	0.434	0.7	110.843294912
1	600	0.434	0.8	106.098346857
1	600	0.434	0.9	102.295191387
1	600	0.434	1	99.2461063743
1	600	1.434	0.1	500
1	600	1.434	0.2	500
1	600	1.434	0.3	500
1	600	1.434	0.4	500
1	600	1.434	0.5	500
1	600	1.434	0.6	500
1	600	1.434	0.7	500
1	600	1.434	0.8	500
1	600	1.434	0.9	500
1	600	1.434	1	500
1	700	0.434	0.1	300.512964396
1	700	0.434	0.2	186.561420699
1	700	0.434	0.3	146.565130273
1	700	0.434	0.4	125.948229199
1	700	0.434	0.5	113.256871907
1	700	0.434	0.6	104.645625
1	700	0.434	0.7	98.4013444092
1	700	0.434	0.8	93.6420428872
1	700	0.434	0.9	89.8511972817
1	700	0.434	1	86.7847270508
1	700	1.434	0.1	500
1	700	1.434	0.2	500
1	700	1.434	0.3	500
1	700	1.434	0.4	500
1	700	1.434	0.5	500
1	700	1.434	0.6	500
1	700	1.434	0.7	500
1	700	1.434	0.8	500
1	700	1.434	0.9	500
1	700	1.434	1	500
1	800	0.434	0.1	290.661940382
1	800	0.434	0.2	176.811788634
1	800	0.434	0.3	136.696073896
1	800	0.434	0.4	115.934940742
1	800	0.434	0.5	103.202206953
1	800	0.434	0.6	94.5582095736
1	800	0.434	0.7	88.2926835937
1	800	0.434	0.8	83.5142949219
1	800	0.434	0.9	79.7653988688
1	800	0.434	1	76.7069012143
1	800	1.434	0.1	500
1	800	1.434	0.2	500
1	800	1.434	0.3	500
1	800	1.434	0.4	500
1	800	1.434	0.5	500
1	800	1.434	0.6	500
1	800	1.434	0.7	500
1	800	1.434	0.8	500
1	800	1.434	0.9	500
1	800	1.434	1	500
1	900	0.434	0.1	282.379525145
1	900	0.434	0.2	168.848885684
1	900	0.434	0.3	128.727246026
1	900	0.434	0.4	107.916878164
1	900	0.434	0.5	95.1149363379
1	900	0.434	0.6	86.407140625
1	900	0.434	0.7	80.1206949683
1	900	0.434	0.8	75.3103391016
1	900	0.434	0.9	71.5379462891
1	900	0.434	1	68.4617164258
1	900	1.434	0.1	500
1	900	1.434	0.2	500
1	900	1.434	0.3	500
1	900	1.434	0.4	405.58473564
1	900	1.434	0.5	367.256320544
1	900	1.434	0.6	341.732620239
1	900	1.434	0.7	323.432885935
1	900	1.434	0.8	309.712489015
1	900	1.434	0.9	298.92115387
1	900	1.434	1	290.222278408
1	1000	0.434	0.1	275.460711764
1	1000	0.434	0.2	162.223851007
1	1000	0.434	0.3	122.089524727
1	1000	0.434	0.4	101.351644746
1	1000	0.434	0.5	88.5056029395
1	1000	0.434	0.6	79.7901914063
1	1000	0.434	0.7	73.4317724783
1	1000	0.434	0.8	68.6180548266
1	1000	0.434	0.9	64.8224704687
1	1000	0.434	1	61.7491397021
1	1000	1.434	0.1	500
1	1000	1.434	0.2	500
1	1000	1.434	0.3	500
1	1000	1.434	0.4	371.039919434
1	1000	1.434	0.5	332.590173703
1	1000	1.434	0.6	306.96066975
1	1000	1.434	0.7	288.584508094
1	1000	1.434	0.8	274.875979092
1	1000	1.434	0.9	264.197869796
1	1000	1.434	1	255.578320847
1.25	0	0.434	0.1	308.985986367
1.25	0	0.434	0.2	219.966847734
1.25	0	0.434	0.3	188.922259805
1.25	0	0.434	0.4	172.612465571
1.25	0	0.434	0.5	162.429592295
1.25	0	0.434	0.6	155.555947764
1.25	0	0.434	0.7	151.500007969
1.25	0	0.434	0.8	147.419077148
1.25	0	0.434	0.9	144.041391621
1.25	0	0.434	1	141.358546875
1.25	0	1.434	0.1	500
1.25	0	1.434	0.2	500
1.25	0	1.434	0.3	500
1.25	0	1.434	0.4	500
1.25	0	1.434	0.5	500
1.25	0	1.434	0.6	500
1.25	0	1.434	0.7	500
1.25	0	1.434	0.8	500
1.25	0	1.434	0.9	500
1.25	0	1.434	1	500
1.25	100	0.434	0.1	288.136087741
1.25	100	0.434	0.2	198.530347344
1.25	100	0.434	0.3	167.424717598
1.25	100	0.434	0.4	151.173648184
1.25	100	0.434	0.5	141.099647031
1.25	100	0.434	0.6	134.184927383
1.25	100	0.434	0.7	129.571758737
1.25	100	0.434	0.8	126.340805105
1.25	100	0.434	0.9	123.109481844
1.25	100	0.434	1	120.426261862
1.25	100	1.434	0.1	500
1.25	100	1.434	0.2	500
1.25	100	1.434	0.3	500
1.25	100	1.434	0.4	500
1.25	100	1.434	0.5	500
1.25	100	1.434	0.6	500
1.25	100	1.434	0.7	500
1.25	100	1.434	0.8	500
1.25	100	1.434	0.9	500
1.25	100	1.434	1	500
1.25	200	0.434	0.1	271.379859844
1.25	200	0.434	0.2	181.298414062
1.25	200	0.434	0.3	150.07486031
1.25	200	0.434	0.4	133.762174834
1.25	200	0.434	0.5	123.696925898
1.25	200	0.434	0.6	116.791365586
1.25	200	0.434	0.7	111.769618652
1.25	200	0.434	0.8	109.059357539
1.25	200	0.434	0.9	105.821198745
1.25	200	0.434	1	103.254309902
1.25	200	1.434	0.1	500
1.25	200	1.434	0.2	500
1.25	200	1.434	0.3	500
1.25	200	1.434	0.4	500
1.25	200	1.434	0.5	500
1.25	200	1.434	0.6	500
1.25	200	1.434	0.7	500
1.25	200	1.434	0.8	500
1.25	200	1.434	0.9	500
1.25	200	1.434	1	500
1.25	300	0.434	0.1	257.841414928
1.25	300	0.434	0.2	167.256406111
1.25	300	0.434	0.3	135.796618125
1.25	300	0.434	0.4	119.522034548
1.25	300	0.434	0.5	109.404436641
1.25	300	0.434	0.6	102.529650234
1.25	300	0.434	0.7	97.5610172742
1.25	300	0.434	0.8	94.6904211315
1.25	300	0.434	0.9	91.6738741406
1.25	300	0.434	1	89.0648251172
1.25	300	1.434	0.1	500
1.25	300	1.434	0.2	500
1.25	300	1.434	0.3	429.749102136
1.25	300	1.434	0.4	378.073292751
1.25	300	1.434	0.5	347.363346499
1.25	300	1.434	0.6	326.62696564
1.25	300	1.434	0.7	311.820970508
1.25	300	1.434	0.8	300.645150941
1.25	300	1.434	0.9	291.844029188
1.25	300	1.434	1	284.858340242
1.25	400	0.434	0.1	247.022825197
1.25	400	0.434	0.2	155.965568281
1.25	400	0.434	0.3	124.280939453
1.25	400	0.434	0.4	107.982784231
1.25	400	0.434	0.5	97.8853140357
1.25	400	0.434	0.6	91.0313310156
1.25	400	0.434	0.7	86.0249091406
1.25	400	0.434	0.8	82.2103366602
1.25	400	0.434	0.9	80.2396179102
1.25	400	0.434	1	77.634375
1.25	400	1.434	0.1	500
1.25	400	1.434	0.2	500
1.25	400	1.434	0.3	500
1.25	400	1.434	0.4	341.584277344
1.25	400	1.434	0.5	310.638267216
1.25	400	1.434	0.6	289.955206592
1.25	400	1.434	0.7	275.280571033
1.25	400	1.434	0.8	264.046033086
1.25	400	1.434	0.9	255.187948542
1.25	400	1.434	1	248.170417691
1.25	500	0.434	0.1	237.878483229
1.25	500	0.434	0.2	146.861919531
1.25	500	0.434	0.3	114.984985696
1.25	500	0.434	0.4	98.5876371799
1.25	500	0.434	0.5	88.4476996799
1.25	500	0.434	0.6	81.5785027148
1.25	500	0.434	0.7	76.5538699707
1.25	500	0.434	0.8	72.7903077344
1.25	500	0.434	0.9	70.5811767212
1.25	500	0.434	1	68.234560249
1.25	500	1.434	0.1	500
1.25	500	1.434	0.2	469.463503516
1.25	500	1.434	0.3	363.657047037
1.25	500	1.434	0.4	311.465787898
1.25	500	1.434	0.5	280.395276593
1.25	500	1.434	0.6	259.793429555
1.25	500	1.434	0.7	244.835880859
1.25	500	1.434	0.8	233.704033387
1.25	500	1.434	0.9	224.986764165
1.25	500	1.434	1	217.859413198
1.25	600	0.434	0.1	230.209245343
1.25	600	0.434	0.2	139.393337298
1.25	600	0.434	0.3	107.403325245
1.25	600	0.434	0.4	90.87721875
1.25	600	0.434	0.5	80.6930475586
1.25	600	0.434	0.6	73.7907907617
1.25	600	0.434	0.7	68.7885585937
1.25	600	0.434	0.8	64.9613736857
1.25	600	0.434	0.9	61.938300809
1.25	600	0.434	1	60.4779651701
1.25	600	1.434	0.1	500
1.25	600	1.434	0.2	500
1.25	600	1.434	0.3	338.995108224
1.25	600	1.434	0.4	286.456018619
1.25	600	1.434	0.5	255.177716641
1.25	600	1.434	0.6	234.513832738
1.25	600	1.434	0.7	219.539412336
1.25	600	1.434	0.8	208.267685391
1.25	600	1.434	0.9	199.55145207
1.25	600	1.434	1	192.47399166
1.25	700	0.434	0.1	223.928246577
1.25	700	0.434	0.2	133.290338706
1.25	700	0.434	0.3	101.351627848
1.25	700	0.434	0.4	84.7415383412
1.25	700	0.434	0.5	74.5587280371
1.25	700	0.434	0.6	67.6113669141
1.25	700	0.434	0.7	62.59753125
1.25	700	0.434	0.8	58.7569541016
1.25	700	0.434	0.9	55.7419647565
1.25	700	0.434	1	53.3063413113
1.25	700	1.434	0.1	500
1.25	700	1.434	0.2	425.481517339
1.25	700	1.434	0.3	318.629478079
1.25	700	1.434	0.4	265.976393821
1.25	700	1.434	0.5	234.363962588
1.25	700	1.434	0.6	213.598401406
1.25	700	1.434	0.7	198.55782331
1.25	700	1.434	0.8	187.260488584
1.25	700	1.434	0.9	178.453495163
1.25	700	1.434	1	171.403794456
1.25	800	0.434	0.1	218.651476615
1.25	800	0.434	0.2	128.207374693
1.25	800	0.434	0.3	96.3426079383
1.25	800	0.434	0.4	79.7541987136
1.25	800	0.434	0.5	69.5029585547
1.25	800	0.434	0.6	62.5683592931
1.25	800	0.434	0.7	57.5307496723
1.25	800	0.434	0.8	53.6594424381
1.25	800	0.434	0.9	50.6179306641
1.25	800	0.434	1	48.1479812988
1.25	800	1.434	0.1	500
1.25	800	1.434	0.2	409.122491081
1.25	800	1.434	0.3	301.979612988
1.25	800	1.434	0.4	248.989195126
1.25	800	1.434	0.5	217.181825196
1.25	800	1.434	0.6	196.29360835
1.25	800	1.434	0.7	181.125768657
1.25	800	1.434	0.8	169.766451954
1.25	800	1.434	0.9	160.940761523
1.25	800	1.434	1	153.852264844
1.25	900	0.434	0.1	214.562428102
1.25	900	0.434	0.2	124.129742077
1.25	900	0.434	0.3	92.2980952787
1.25	900	0.434	0.4	75.7773758219
1.25	900	0.434	0.5	65.5438638484
1.25	900	0.434	0.6	58.5605995313
1.25	900	0.434	0.7	53.51703125
1.25	900	0.434	0.8	49.6472703938
1.25	900	0.434	0.9	46.599519893
1.25	900	0.434	1	44.1375341406
1.25	900	1.434	0.1	500
1.25	900	1.434	0.2	395.560375623
1.25	900	1.434	0.3	288.315856539
1.25	900	1.434	0.4	235.065018242
1.25	900	1.434	0.5	203.033118159
1.25	900	1.434	0.6	181.978502477
1.25	900	1.434	0.7	166.750428911
1.25	900	1.434	0.8	155.302509414
1.25	900	1.434	0.9	146.414706002
1.25	900	1.434	1	139.312302679
1.25	1000	0.434	0.1	210.742799322
1.25	1000	0.434	0.2	120.519392549
1.25	1000	0.434	0.3	88.872710875
1.25	1000	0.434	0.4	72.3959837666
1.25	1000	0.434	0.5	62.1979918833
1.25	1000	0.434	0.6	55.2175
1.25	1000	0.434	0.7	50.2074269531
1.25	1000	0.434	0.8	46.304375
1.25	1000	0.434	0.9	43.2597035005
1.25	1000	0.434	1	40.7829474609
1.25	1000	1.434	0.1	500
1.25	1000	1.434	0.2	384.31625768
1.25	1000	1.434	0.3	277.026322331
1.25	1000	1.434	0.4	223.573426739
1.25	1000	1.434	0.5	191.407583922
1.25	1000	1.434	0.6	170.224503428
1.25	1000	1.434	0.7	154.876550849
1.25	1000	1.434	0.8	143.4
1.25	1000	1.434	0.9	134.4375
1.25	1000	1.434	1	127.275916348
1.5	0	0.434	0.1	218.25278761
1.5	0	0.434	0.2	143.738832031
1.5	0	0.434	0.3	118.161042146
1.5	0	0.434	0.4	104.94720623
1.5	0	0.434	0.5	96.8248941957
1.5	0	0.434	0.6	91.2372554541
1.5	0	0.434	0.7	88.1643172989
1.5	0	0.434	0.8	84.7310187305
1.5	0	0.434	0.9	82.1258391349
1.5	0	0.434	1	80.0165195772
1.5	0	1.434	0.1	500
1.5	0	1.434	0.2	402.103578125
1.5	0	1.434	0.3	312.384828125
1.5	0	1.434	0.4	268.109212576
1.5	0	1.434	0.5	241.086011383
1.5	0	1.434	0.6	223.405004214
1.5	0	1.434	0.7	210.784209559
1.5	0	1.434	0.8	201.372293579
1.5	0	1.434	0.9	193.973372526
1.5	0	1.434	1	188.013602173
1.5	100	0.434	0.1	207.754257648
1.5	100	0.434	0.2	133.039842558
1.5	100	0.434	0.3	107.274109766
1.5	100	0.434	0.4	94.0255078125
1.5	100	0.434	0.5	85.8699069336
1.5	100	0.434	0.6	80.3522655171
1.5	100	0.434	0.7	77.2042626953
1.5	100	0.434	0.8	73.9388017822
1.5	100	0.434	0.9	71.3380078125
1.5	100	0.434	1	69.2299845703
1.5	100	1.434	0.1	500
1.5	100	1.434	0.2	380.97153
1.5	100	1.434	0.3	290.709610312
1.5	100	1.434	0.4	246.156721523
1.5	100	1.434	0.5	219.097362298
1.5	100	1.434	0.6	201.315007943
1.5	100	1.434	0.7	188.613343351
1.5	100	1.434	0.8	179.111353446
1.5	100	1.434	0.9	171.730558828
1.5	100	1.434	1	165.766080938
1.5	200	0.434	0.1	199.321738204
1.5	200	0.434	0.2	124.390836865
1.5	200	0.434	0.3	98.5602051562
1.5	200	0.434	0.4	85.2098657528
1.5	200	0.434	0.5	77.0491933594
1.5	200	0.434	0.6	71.4778580065
1.5	200	0.434	0.7	67.5937558149
1.5	200	0.434	0.8	65.1392545794
1.5	200	0.434	0.9	62.5714716797
1.5	200	0.434	1	60.4859463281
1.5	200	1.434	0.1	500
1.5	200	1.434	0.2	363.478189074
1.5	200	1.434	0.3	272.939337105
1.5	200	1.434	0.4	228.115453844
1.5	200	1.434	0.5	200.874739434
1.5	200	1.434	0.6	183.001721055
1.5	200	1.434	0.7	170.298765462
1.5	200	1.434	0.8	160.751572172
1.5	200	1.434	0.9	153.335377934
1.5	200	1.434	1	147.356846055
1.5	300	0.434	0.1	192.180109688
1.5	300	0.434	0.2	117.393460518
1.5	300	0.434	0.3	91.3587334961
1.5	300	0.434	0.4	77.9942748828
1.5	300	0.434	0.5	69.7732123828
1.5	300	0.434	0.6	64.2125452832
1.5	300	0.434	0.7	60.0443974609
1.5	300	0.434	0.8	57.8722641663
1.5	300	0.434	0.9	55.3428109082
1.5	300	0.434	1	53.24571875
1.5	300	1.434	0.1	500
1.5	300	1.434	0.2	349.138370629
1.5	300	1.434	0.3	258.221821176
1.5	300	1.434	0.4	213.137515798
1.5	300	1.434	0.5	185.77938387
1.5	300	1.434	0.6	167.826366958
1.5	300	1.434	0.7	155.098871865
1.5	300	1.434	0.8	145.461482345
1.5	300	1.434	0.9	138.024333283
1.5	300	1.434	1	132.062028706
1.5	400	0.434	0.1	185.7590024
1.5	400	0.434	0.2	111.692606563
1.5	400	0.434	0.3	85.6576175
1.5	400	0.434	0.4	72.244875
1.5	400	0.434	0.5	63.9909369164
1.5	400	0.434	0.6	58.3608032813
1.5	400	0.434	0.7	54.2673823438
1.5	400	0.434	0.8	51.1910573721
1.5	400	0.434	0.9	49.5417085203
1.5	400	0.434	1	47.4347646875
1.5	400	1.434	0.1	500
1.5	400	1.434	0.2	337.182100653
1.5	400	1.434	0.3	246.08933642
1.5	400	1.434	0.4	200.867334895
1.5	400	1.434	0.5	173.332154515
1.5	400	1.434	0.6	155.3014327
1.5	400	1.434	0.7	142.419492187
1.5	400	1.434	0.8	132.778780234
1.5	400	1.434	0.9	125.316821937
1.5	400	1.434	1	119.372839404
1.5	500	0.434	0.1	180.992240517
1.5	500	0.434	0.2	106.986049854
1.5	500	0.434	0.3	80.9618164062
1.5	500	0.434	0.4	67.5086445312
1.5	500	0.434	0.5	59.2579735059
1.5	500	0.434	0.6	53.580026792
1.5	500	0.434	0.7	49.4393745117
1.5	500	0.434	0.8	46.3509255054
1.5	500	0.434	0.9	44.6465260044
1.5	500	0.434	1	42.6042023926
1.5	500	1.434	0.1	500
1.5	500	1.434	0.2	327.434139292
1.5	500	1.434	0.3	236.28798002
1.5	500	1.434	0.4	190.86005
1.5	500	1.434	0.5	163.231637375
1.5	500	1.434	0.6	145.06267475
1.5	500	1.434	0.7	132.112834344
1.5	500	1.434	0.8	122.41363815
1.5	500	1.434	0.9	114.867909344
1.5	500	1.434	1	108.981387375
1.5	600	0.434	0.1	177.260582534
1.5	600	0.434	0.2	103.130510409
1.5	600	0.434	0.3	77.1621563406
1.5	600	0.434	0.4	63.719171875
1.5	600	0.434	0.5	55.4093984375
1.5	600	0.434	0.6	49.7915511164
1.5	600	0.434	0.7	45.670794375
1.5	600	0.434	0.8	42.5165195312
1.5	600	0.434	0.9	40.0373548437
1.5	600	0.434	1	38.7377386164
1.5	600	1.434	0.1	500
1.5	600	1.434	0.2	319.105029915
1.5	600	1.434	0.3	227.946505331
1.5	600	1.434	0.4	182.477232065
1.5	600	1.434	0.5	154.758552736
1.5	600	1.434	0.6	136.546636641
1.5	600	1.434	0.7	123.51885321
1.5	600	1.434	0.8	113.772851046
1.5	600	1.434	0.9	106.168106986
1.5	600	1.434	1	100.233597234
1.5	700	0.434	0.1	173.870308624
1.5	700	0.434	0.2	99.9148427744
1.5	700	0.434	0.3	73.9765625
1.5	700	0.434	0.4	60.5714645513
1.5	700	0.434	0.5	52.312578125
1.5	700	0.434	0.6	46.6484570313
1.5	700	0.434	0.7	42.5234765625
1.5	700	0.434	0.8	39.3818701172
1.5	700	0.434	0.9	36.912109375
1.5	700	0.434	1	34.9052880859
1.5	700	1.434	0.1	500
1.5	700	1.434	0.2	312.18017768
1.5	700	1.434	0.3	221.139006179
1.5	700	1.434	0.4	175.637668999
1.5	700	1.434	0.5	147.892406348
1.5	700	1.434	0.6	129.604070181
1.5	700	1.434	0.7	116.508783306
1.5	700	1.434	0.8	106.712971641
1.5	700	1.434	0.9	99.0930049465
1.5	700	1.434	1	93.095888971
1.5	800	0.434	0.1	171.143654492
1.5	800	0.434	0.2	97.316770732
1.5	800	0.434	0.3	71.4512202406
1.5	800	0.434	0.4	58.0290251563
1.5	800	0.434	0.5	49.774296875
1.5	800	0.434	0.6	44.1609774609
1.5	800	0.434	0.7	40.0564098438
1.5	800	0.434	0.8	36.9137627224
1.5	800	0.434	0.9	34.4387218945
1.5	800	0.434	1	32.4438910742
1.5	800	1.434	0.1	500
1.5	800	1.434	0.2	306.345063865
1.5	800	1.434	0.3	215.438954441
1.5	800	1.434	0.4	169.924161295
1.5	800	1.434	0.5	142.159906351
1.5	800	1.434	0.6	123.829964913
1.5	800	1.434	0.7	110.720509514
1.5	800	1.434	0.8	100.863734285
1.5	800	1.434	0.9	93.1959916129
1.5	800	1.434	1	87.1665215918
1.5	900	0.434	0.1	168.350387079
1.5	900	0.434	0.2	95.1572300125
1.5	900	0.434	0.3	69.215093282
1.5	900	0.434	0.4	55.8446483594
1.5	900	0.434	0.5	47.6539452344
1.5	900	0.434	0.6	42.009390625
1.5	900	0.434	0.7	37.9238476172
1.5	900	0.434	0.8	34.7953125
1.5	900	0.434	0.9	32.3203125
1.5	900	0.434	1	30.3285175781
1.5	900	1.434	0.1	500
1.5	900	1.434	0.2	301.681642987
1.5	900	1.434	0.3	210.623914029
1.5	900	1.434	0.4	165.187662112
1.5	900	1.434	0.5	137.466661563
1.5	900	1.434	0.6	119.086389419
1.5	900	1.434	0.7	105.944349766
1.5	900	1.434	0.8	96.0777724943
1.5	900	1.434	0.9	88.4140326505
1.5	900	1.434	1	82.3627539281
1.5	1000	0.434	0.1	166.152010771
1.5	1000	0.434	0.2	92.9119311091
1.5	1000	0.434	0.3	67.612426417
1.5	1000	0.434	0.4	54.1336534375
1.5	1000	0.434	0.5	45.8967528906
1.5	1000	0.434	0.6	40.335806875
1.5	1000	0.434	0.7	36.256390625
1.5	1000	0.434	0.8	33.1154829687
1.5	1000	0.434	0.9	30.66711375
1.5	1000	0.434	1	28.6700014453
1.5	1000	1.434	0.1	500
1.5	1000	1.434	0.2	297.328488613
1.5	1000	1.434	0.3	206.534740962
1.5	1000	1.434	0.4	161.160160596
1.5	1000	1.434	0.5	133.466952825
1.5	1000	1.434	0.6	115.094540066
1.5	1000	1.434	0.7	101.96298363
1.5	1000	1.434	0.8	92.0946426504
1.5	1000	1.434	0.9	84.4289599951
1.5	1000	1.434	1	78.3159798032
1.75	0	0.434	0.1	161.708819634
1.75	0	0.434	0.2	99.9970722199
1.75	0	0.434	0.3	78.5100234375
1.75	0	0.434	0.4	67.5491132813
1.75	0	0.434	0.5	60.8274722818
1.75	0	0.434	0.6	56.2472526855
1.75	0	0.434	0.7	53.7343919531
1.75	0	0.434	0.8	51.0637675781
1.75	0	0.434	0.9	48.9669783284
1.75	0	0.434	1	47.2350234375
1.75	0	1.434	0.1	500
1.75	0	1.434	0.2	284.520375007
1.75	0	1.434	0.3	205.013304486
1.75	0	1.434	0.4	165.317646858
1.75	0	1.434	0.5	141.490757779
1.75	0	1.434	0.6	125.784218828
1.75	0	1.434	0.7	114.510601563
1.75	0	1.434	0.8	105.901057483
1.75	0	1.434	0.9	99.352086176
1.75	0	1.434	1	94.133324442
1.75	100	0.434	0.1	156.397491774
1.75	100	0.434	0.2	94.6476844264
1.75	100	0.434	0.3	73.1168218164
1.75	100	0.434	0.4	62.1056467383
1.75	100	0.434	0.5	55.3716129457
1.75	100	0.434	0.6	50.7480436719
1.75	100	0.434	0.7	48.2638968244
1.75	100	0.434	0.8	45.6017891544
1.75	100	0.434	0.9	43.4642421875
1.75	100	0.434	1	41.755863208
1.75	100	1.434	0.1	500
1.75	100	1.434	0.2	277.298422909
1.75	100	1.434	0.3	197.867336173
1.75	100	1.434	0.4	158.070195119
1.75	100	1.434	0.5	134.133841024
1.75	100	1.434	0.6	118.365405107
1.75	100	1.434	0.7	107.035663157
1.75	100	1.434	0.8	98.3578330078
1.75	100	1.434	0.9	91.8020114453
1.75	100	1.434	1	86.5600252539
1.75	200	0.434	0.1	151.995299642
1.75	200	0.434	0.2	90.3825975
1.75	200	0.434	0.3	68.7875539406
1.75	200	0.434	0.4	57.7937769703
1.75	200	0.434	0.5	51.0181545656
1.75	200	0.434	0.6	46.372828125
1.75	200	0.434	0.7	43.02065625
1.75	200	0.434	0.8	41.169399375
1.75	200	0.434	0.9	39.060328125
1.75	200	0.434	1	37.3510373438
1.75	200	1.434	0.1	500
1.75	200	1.434	0.2	271.164183091
1.75	200	1.434	0.3	191.838193288
1.75	200	1.434	0.4	151.987140275
1.75	200	1.434	0.5	128.080876655
1.75	200	1.434	0.6	112.251693845
1.75	200	1.434	0.7	100.869308963
1.75	200	1.434	0.8	92.1537887785
1.75	200	1.434	0.9	85.5651289062
1.75	200	1.434	1	80.2684983105
1.75	300	0.434	0.1	148.39068493
1.75	300	0.434	0.2	86.8508334586
1.75	300	0.434	0.3	65.256672198
1.75	300	0.434	0.4	54.2262246094
1.75	300	0.434	0.5	47.3889716016
1.75	300	0.434	0.6	42.7954426225
1.75	300	0.434	0.7	39.4021113281
1.75	300	0.434	0.8	37.503375
1.75	300	0.434	0.9	35.4180202441
1.75	300	0.434	1	33.7248310547
1.75	300	1.434	0.1	500
1.75	300	1.434	0.2	266.084834228
1.75	300	1.434	0.3	186.842609158
1.75	300	1.434	0.4	147.041136774
1.75	300	1.434	0.5	123.086730369
1.75	300	1.434	0.6	107.194183125
1.75	300	1.434	0.7	95.7963054015
1.75	300	1.434	0.8	87.0603478934
1.75	300	1.434	0.9	80.4248593969
1.75	300	1.434	1	75.1178582812
1.75	400	0.434	0.1	145.680824143
1.75	400	0.434	0.2	83.8466096875
1.75	400	0.434	0.3	62.4117427141
1.75	400	0.434	0.4	51.39475
1.75	400	0.434	0.5	44.588575625
1.75	400	0.434	0.6	39.9433005469
1.75	400	0.434	0.7	36.5807578125
1.75	400	0.434	0.8	34.0002910156
1.75	400	0.434	0.9	32.5344374137
1.75	400	0.434	1	30.8346781445
1.75	400	1.434	0.1	500
1.75	400	1.434	0.2	262.225451858
1.75	400	1.434	0.3	182.706133219
1.75	400	1.434	0.4	142.945118775
1.75	400	1.434	0.5	118.98828945
1.75	400	1.434	0.6	103.076822362
1.75	400	1.434	0.7	91.682829375
1.75	400	1.434	0.8	82.9279466084
1.75	400	1.434	0.9	76.2706478757
1.75	400	1.434	1	70.9489345313
1.75	500	0.434	0.1	143.185280575
1.75	500	0.434	0.2	81.4440477375
1.75	500	0.434	0.3	60.0633054562
1.75	500	0.434	0.4	49.0405217063
1.75	500	0.434	0.5	42.2254729688
1.75	500	0.434	0.6	37.5789375
1.75	500	0.434	0.7	34.2310217063
1.75	500	0.434	0.8	31.63471875
1.75	500	0.434	0.9	29.58946875
1.75	500	0.434	1	28.439663182
1.75	500	1.434	0.1	500
1.75	500	1.434	0.2	258.417986619
1.75	500	1.434	0.3	179.320650299
1.75	500	1.434	0.4	139.434989388
1.75	500	1.434	0.5	115.556874766
1.75	500	1.434	0.6	99.6794406594
1.75	500	1.434	0.7	88.2360744553
1.75	500	1.434	0.8	79.4795382031
1.75	500	1.434	0.9	72.8241334396
1.75	500	1.434	1	67.4616133012
1.75	600	0.434	0.1	140.342842866
1.75	600	0.434	0.2	79.5185054078
1.75	600	0.434	0.3	58.006
1.75	600	0.434	0.4	47.0405893797
1.75	600	0.434	0.5	40.2224518773
1.75	600	0.434	0.6	35.5945287547
1.75	600	0.434	0.7	32.2052313316
1.75	600	0.434	0.8	29.6251640625
1.75	600	0.434	0.9	27.6124178516
1.75	600	0.434	1	25.9376522266
1.75	600	1.434	0.1	493.015653699
1.75	600	1.434	0.2	255.462453124
1.75	600	1.434	0.3	176.285047601
1.75	600	1.434	0.4	136.511455098
1.75	600	1.434	0.5	112.635515104
1.75	600	1.434	0.6	96.7543037947
1.75	600	1.434	0.7	85.3250295144
1.75	600	1.434	0.8	76.5681982073
1.75	600	1.434	0.9	69.898643659
1.75	600	1.434	1	64.5637758678
1.75	700	0.434	0.1	138.202108527
1.75	700	0.434	0.2	77.5081241145
1.75	700	0.434	0.3	56.5768876092
1.75	700	0.434	0.4	45.3799097836
1.75	700	0.434	0.5	38.6068458984
1.75	700	0.434	0.6	34.008890625
1.75	700	0.434	0.7	30.656953125
1.75	700	0.434	0.8	28.085319399
1.75	700	0.434	0.9	26.0653242187
1.75	700	0.434	1	24.4059492187
1.75	700	1.434	0.1	499.75841645
1.75	700	1.434	0.2	252.941064678
1.75	700	1.434	0.3	173.774801683
1.75	700	1.434	0.4	134.225759694
1.75	700	1.434	0.5	110.206942639
1.75	700	1.434	0.6	94.3792791051
1.75	700	1.434	0.7	82.9702608442
1.75	700	1.434	0.8	74.1966764602
1.75	700	1.434	0.9	67.5369556641
1.75	700	1.434	1	62.1859982584
1.75	800	0.434	0.1	136.509907812
1.75	800	0.434	0.2	76.0456919982
1.75	800	0.434	0.3	54.8514227633
1.75	800	0.434	0.4	44.2249498191
1.75	800	0.434	0.5	37.3182128999
1.75	800	0.434	0.6	32.7260703125
1.75	800	0.434	0.7	29.3438266797
1.75	800	0.434	0.8	26.7785249754
1.75	800	0.434	0.9	24.7645454297
1.75	800	0.434	1	23.1348860424
1.75	800	1.434	0.1	485.253358856
1.75	800	1.434	0.2	250.730304513
1.75	800	1.434	0.3	171.631242425
1.75	800	1.434	0.4	132.103274006
1.75	800	1.434	0.5	108.273453252
1.75	800	1.434	0.6	92.356623144
1.75	800	1.434	0.7	80.9290854801
1.75	800	1.434	0.8	72.2113448336
1.75	800	1.434	0.9	65.5268061508
1.75	800	1.434	1	60.184680918
1.75	900	0.434	0.1	134.803452483
1.75	900	0.434	0.2	74.8266655211
1.75	900	0.434	0.3	53.6911153024
1.75	900	0.434	0.4	42.7367744107
1.75	900	0.434	0.5	35.9793067578
1.75	900	0.434	0.6	31.5384084957
1.75	900	0.434	0.7	28.2057412305
1.75	900	0.434	0.8	25.6552745508
1.75	900	0.434	0.9	23.6421230859
1.75	900	0.434	1	22.026254951
1.75	900	1.434	0.1	441.139417142
1.75	900	1.434	0.2	249.062812484
1.75	900	1.434	0.3	169.961978163
1.75	900	1.434	0.4	130.187716138
1.75	900	1.434	0.5	106.451020628
1.75	900	1.434	0.6	90.5754688373
1.75	900	1.434	0.7	79.2792861607
1.75	900	1.434	0.8	70.6214886097
1.75	900	1.434	0.9	63.7932125
1.75	900	1.434	1	58.441602141
1.75	1000	0.434	0.1	133.291634193
1.75	1000	0.434	0.2	74.1946743783
1.75	1000	0.434	0.3	52.6459863594
1.75	1000	0.434	0.4	41.7968346875
1.75	1000	0.434	0.5	35.0984173438
1.75	1000	0.434	0.6	30.4834395313
1.75	1000	0.434	0.7	27.1730423437
1.75	1000	0.434	0.8	24.7595859375
1.75	1000	0.434	0.9	22.7810322656
1.75	1000	0.434	1	21.1602215234
1.75	1000	1.434	0.1	406.312621051
1.75	1000	1.434	0.2	248.025056807
1.75	1000	1.434	0.3	168.340190899
1.75	1000	1.434	0.4	128.912274711
1.75	1000	1.434	0.5	104.956348715
1.75	1000	1.434	0.6	89.0783589554
1.75	1000	1.434	0.7	77.8328816029
1.75	1000	1.434	0.8	69.1390816218
1.75	1000	1.434	0.9	62.5584375397
1.75	1000	1.434	1	57.2420683799
2	0	0.434	0.1	125.717953677
2	0	0.434	0.2	74.3348940817
2	0	0.434	0.3	56.3570679051
2	0	0.434	0.4	46.83865625
2	0	0.434	0.5	41.1780024609
2	0	0.434	0.6	37.2273777025
2	0	0.434	0.7	35.0047554051
2	0	0.434	0.8	32.8231191406
2	0	0.434	0.9	31.0365709277
2	0	0.434	1	29.5875
2	0	1.434	0.1	435.952636912
2	0	1.434	0.2	226.579922736
2	0	1.434	0.3	156.965052895
2	0	1.434	0.4	121.836740009
2	0	1.434	0.5	100.817734334
2	0	1.434	0.6	86.8290070815
2	0	1.434	0.7	76.7923805894
2	0	1.434	0.8	69.2616110293
2	0	1.434	0.9	63.3946093174
2	0	1.434	1	58.7053438965
2	100	0.434	0.1	123.389972025
2	100	0.434	0.2	71.5349493509
2	100	0.434	0.3	53.6138277086
2	100	0.434	0.4	44.092524082
2	100	0.434	0.5	38.4127576693
2	100	0.434	0.6	34.4921914062
2	100	0.434	0.7	31.7155322266
2	100	0.434	0.8	30.0463306706
2	100	0.434	0.9	28.2985872266
2	100	0.434	1	26.8432382813
2	100	1.434	0.1	433.819995628
2	100	1.434	0.2	223.873434861
2	100	1.434	0.3	154.25710422
2	100	1.434	0.4	119.397862311
2	100	1.434	0.5	98.298944148
2	100	1.434	0.6	84.2701611037
2	100	1.434	0.7	74.2588107138
2	100	1.434	0.8	66.7176102267
2	100	1.434	0.9	60.8527585113
2	100	1.434	1	56.16929625
2	200	0.434	0.1	121.131796321
2	200	0.434	0.2	69.3484490474
2	200	0.434	0.3	51.1723764063
2	200	0.434	0.4	41.9212363281
2	200	0.434	0.5	36.2394611133
2	200	0.434	0.6	32.319890625
2	200	0.434	0.7	29.5441257031
2	200	0.434	0.8	27.8566790524
2	200	0.434	0.9	26.0841796875
2	200	0.434	1	24.6840470508
2	200	1.434	0.1	430.748384054
2	200	1.434	0.2	221.889537084
2	200	1.434	0.3	152.13532981
2	200	1.434	0.4	117.274865099
2	200	1.434	0.5	96.3027251796
2	200	1.434	0.6	82.1499329609
2	200	1.434	0.7	72.1757462281
2	200	1.434	0.8	64.641441875
2	200	1.434	0.9	58.7714302344
2	200	1.434	1	54.068719608
2	300	0.434	0.1	118.546978524
2	300	0.434	0.2	67.7758695498
2	300	0.434	0.3	49.3262683594
2	300	0.434	0.4	40.0657851562
2	300	0.434	0.5	34.4249730686
2	300	0.434	0.6	30.5426953125
2	300	0.434	0.7	27.75346875
2	300	0.434	0.8	25.5955094965
2	300	0.434	0.9	24.2820776953
2	300	0.434	1	22.8625566319
2	300	1.434	0.1	429.68988616
2	300	1.434	0.2	219.997208719
2	300	1.434	0.3	150.245691039
2	300	1.434	0.4	115.430871784
2	300	1.434	0.5	94.5210888295
2	300	1.434	0.6	80.5122943965
2	300	1.434	0.7	70.4086389585
2	300	1.434	0.8	62.894857975
2	300	1.434	0.9	57.0486705674
2	300	1.434	1	52.3464853187
2	400	0.434	0.1	116.737319406
2	400	0.434	0.2	65.7525944027
2	400	0.434	0.3	47.8426499219
2	400	0.434	0.4	38.6114645312
2	400	0.434	0.5	32.97271875
2	400	0.434	0.6	29.0843748047
2	400	0.434	0.7	26.2838426953
2	400	0.434	0.8	24.1541281889
2	400	0.434	0.9	22.427828125
2	400	0.434	1	21.4215898437
2	400	1.434	0.1	415.599766676
2	400	1.434	0.2	218.746947338
2	400	1.434	0.3	148.877332737
2	400	1.434	0.4	113.873191596
2	400	1.434	0.5	92.9977892743
2	400	1.434	0.6	78.9986057477
2	400	1.434	0.7	69.0075065008
2	400	1.434	0.8	61.5349553007
2	400	1.434	0.9	55.575542282
2	400	1.434	1	50.8711705633
2	500	0.434	0.1	115.252502198
2	500	0.434	0.2	64.4456034977
2	500	0.434	0.3	46.5571875
2	500	0.434	0.4	37.3167408914
2	500	0.434	0.5	31.6437949219
2	500	0.434	0.6	27.78525
2	500	0.434	0.7	25.0158239613
2	500	0.434	0.8	22.85625
2	500	0.434	0.9	21.1625707582
2	500	0.434	1	19.8122695312
2	500	1.434	0.1	385.416543397
2	500	1.434	0.2	217.827577641
2	500	1.434	0.3	147.469333099
2	500	1.434	0.4	112.746433296
2	500	1.434	0.5	91.7102115923
2	500	1.434	0.6	77.7561263125
2	500	1.434	0.7	67.7911947734
2	500	1.434	0.8	60.2805096052
2	500	1.434	0.9	54.4539121963
2	500	1.434	1	49.7611067187
2	600	0.434	0.1	113.601546821
2	600	0.434	0.2	63.2361376093
2	600	0.434	0.3	45.4940430574
2	600	0.434	0.4	36.1235740625
2	600	0.434	0.5	30.742398125
2	600	0.434	0.6	26.758515625
2	600	0.434	0.7	23.974265625
2	600	0.434	0.8	21.85196875
2	600	0.434	0.9	20.1592245313
2	600	0.434	1	18.8136472367
2	600	1.434	0.1	359.876892931
2	600	1.434	0.2	217.226791256
2	600	1.434	0.3	146.636358085
2	600	1.434	0.4	111.659880619
2	600	1.434	0.5	90.765163173
2	600	1.434	0.6	76.6925066731
2	600	1.434	0.7	66.7499041777
2	600	1.434	0.8	59.2358698642
2	600	1.434	0.9	53.4025431309
2	600	1.434	1	48.7139323281
2	700	0.434	0.1	112.568132474
2	700	0.434	0.2	62.1365974959
2	700	0.434	0.3	44.5368592531
2	700	0.434	0.4	35.2115993445
2	700	0.434	0.5	29.5733413672
2	700	0.434	0.6	25.7747428516
2	700	0.434	0.7	23.1273030253
2	700	0.434	0.8	21.0107241797
2	700	0.434	0.9	19.327515625
2	700	0.434	1	17.9646803516
2	700	1.434	0.1	336.659028871
2	700	1.434	0.2	216.425354897
2	700	1.434	0.3	145.900015251
2	700	1.434	0.4	110.749607935
2	700	1.434	0.5	89.7572643926
2	700	1.434	0.6	75.8176481099
2	700	1.434	0.7	65.8487105796
2	700	1.434	0.8	58.2803588599
2	700	1.434	0.9	52.437026971
2	700	1.434	1	47.7597167979
2	800	0.434	0.1	111.685991042
2	800	0.434	0.2	61.3829102225
2	800	0.434	0.3	43.7009496021
2	800	0.434	0.4	34.4500921875
2	800	0.434	0.5	28.9007864062
2	800	0.434	0.6	25.1068176563
2	800	0.434	0.7	22.3007864062
2	800	0.434	0.8	20.208375
2	800	0.434	0.9	18.6594478125
2	800	0.434	1	17.2912265625
2	800	1.434	0.1	320.406524029
2	800	1.434	0.2	213.860895009
2	800	1.434	0.3	145.55378956
2	800	1.434	0.4	110.160505801
2	800	1.434	0.5	89.1587957033
2	800	1.434	0.6	75.1121792271
2	800	1.434	0.7	65.1396317794
2	800	1.434	0.8	57.6605035631
2	800	1.434	0.9	51.7457571471
2	800	1.434	1	47.0662900266
2	900	0.434	0.1	109.941685021
2	900	0.434	0.2	60.5145157529
2	900	0.434	0.3	42.9735691547
2	900	0.434	0.4	34.0390276734
2	900	0.434	0.5	28.2692861719
2	900	0.434	0.6	24.4612265625
2	900	0.434	0.7	21.7251660938
2	900	0.434	0.8	19.582171875
2	900	0.434	0.9	17.9338383984
2	900	0.434	1	16.6261035938
2	900	1.434	0.1	304.154019187
2	900	1.434	0.2	210.125067486
2	900	1.434	0.3	144.924610251
2	900	1.434	0.4	109.521542403
2	900	1.434	0.5	88.4928219051
2	900	1.434	0.6	74.4480930831
2	900	1.434	0.7	64.3711662458
2	900	1.434	0.8	56.9467023063
2	900	1.434	0.9	51.1231022674
2	900	1.434	1	46.4813983041
2	1000	0.434	0.1	108.715646152
2	1000	0.434	0.2	59.7788279
2	1000	0.434	0.3	42.2920521547
2	1000	0.434	0.4	33.2305750391
2	1000	0.434	0.5	27.935950625
2	1000	0.434	0.6	23.9154609375
2	1000	0.434	0.7	21.1910750391
2	1000	0.434	0.8	19.0839876562
2	1000	0.434	0.9	17.4171464844
2	1000	0.434	1	16.1048494449
2	1000	1.434	0.1	292.545087157
2	1000	1.434	0.2	208.305688136
2	1000	1.434	0.3	143.401937303
2	1000	1.434	0.4	109.200343545
2	1000	1.434	0.5	88.0921760363
2	1000	1.434	0.6	74.0211089886
2	1000	1.434	0.7	63.9491922818
2	1000	1.434	0.8	56.5143783789
2	1000	1.434	0.9	50.5944325707
2	1000	1.434	1	45.9186744665
2.25	0	0.434	0.1	101.381282728
2.25	0	0.434	0.2	57.6886714437
2.25	0	0.434	0.3	42.481115
2.25	0	0.434	0.4	34.6423125
2.25	0	0.434	0.5	29.733264375
2.25	0	0.434	0.6	26.556734375
2.25	0	0.434	0.7	24.1737223437
2.25	0	0.434	0.8	22.6025348437
2.25	0	0.434	0.9	21.1269375
2.25	0	0.434	1	19.9402920313
2.25	0	1.434	0.1	364.520465743
2.25	0	1.434	0.2	195.376050313
2.25	0	1.434	0.3	132.268222943
2.25	0	1.434	0.4	100.803764096
2.25	0	1.434	0.5	81.8589223448
2.25	0	1.434	0.6	69.2892799016
2.25	0	1.434	0.7	60.327787603
2.25	0	1.434	0.8	53.6059380254
2.25	0	1.434	0.9	48.3510227627
2.25	0	1.434	1	44.1674421378
2.25	100	0.434	0.1	99.8831244834
2.25	100	0.434	0.2	56.5121261263
2.25	100	0.434	0.3	41.005138125
2.25	100	0.434	0.4	33.2049375
2.25	100	0.434	0.5	28.2756238734
2.25	100	0.434	0.6	25.13371875
2.25	100	0.434	0.7	22.7197260609
2.25	100	0.434	0.8	20.9015625
2.25	100	0.434	0.9	19.7117845313
2.25	100	0.434	1	18.5210172656
2.25	100	1.434	0.1	343.624388089
2.25	100	1.434	0.2	194.834927422
2.25	100	1.434	0.3	131.372000836
2.25	100	1.434	0.4	99.8677645788
2.25	100	1.434	0.5	81.1059814702
2.25	100	1.434	0.6	68.4289738868
2.25	100	1.434	0.7	59.4583921597
2.25	100	1.434	0.8	52.735473316
2.25	100	1.434	0.9	47.5092168664
2.25	100	1.434	1	43.3270925
2.25	200	0.434	0.1	98.5367570936
2.25	200	0.434	0.2	54.9983111438
2.25	200	0.434	0.3	40.1141078812
2.25	200	0.434	0.4	32.04459375
2.25	200	0.434	0.5	27.2000685938
2.25	200	0.434	0.6	24.0020746875
2.25	200	0.434	0.7	21.630984375
2.25	200	0.434	0.8	19.8308997656
2.25	200	0.434	0.9	18.5721712379
2.25	200	0.434	1	17.428125
2.25	200	1.434	0.1	325.050096841
2.25	200	1.434	0.2	194.461886779
2.25	200	1.434	0.3	130.808796582
2.25	200	1.434	0.4	99.2229713615
2.25	200	1.434	0.5	80.2899091813
2.25	200	1.434	0.6	67.7817076639
2.25	200	1.434	0.7	58.817726188
2.25	200	1.434	0.8	51.957026188
2.25	200	1.434	0.9	46.7474688546
2.25	200	1.434	1	42.5562538516
2.25	300	0.434	0.1	97.1862690158
2.25	300	0.434	0.2	53.8681421914
2.25	300	0.434	0.3	38.7233480352
2.25	300	0.434	0.4	30.9609154297
2.25	300	0.434	0.5	26.1589175781
2.25	300	0.434	0.6	22.924199748
2.25	300	0.434	0.7	20.6381473633
2.25	300	0.434	0.8	18.8256473633
2.25	300	0.434	0.9	17.3869726562
2.25	300	0.434	1	16.3072167337
2.25	300	1.434	0.1	308.797591999
2.25	300	1.434	0.2	191.292841475
2.25	300	1.434	0.3	130.404608971
2.25	300	1.434	0.4	98.6502922118
2.25	300	1.434	0.5	79.7179121874
2.25	300	1.434	0.6	67.0527764957
2.25	300	1.434	0.7	58.0903508841
2.25	300	1.434	0.8	51.3745540109
2.25	300	1.434	0.9	46.131398034
2.25	300	1.434	1	41.8743061889
2.25	400	0.434	0.1	96.0830407921
2.25	400	0.434	0.2	52.9196533797
2.25	400	0.434	0.3	37.9918553125
2.25	400	0.434	0.4	30.2047913137
2.25	400	0.434	0.5	25.2989819141
2.25	400	0.434	0.6	22.1918647266
2.25	400	0.434	0.7	19.8789167383
2.25	400	0.434	0.8	18.0775888281
2.25	400	0.434	0.9	16.6658386133
2.25	400	0.434	1	15.5184609375
2.25	400	1.434	0.1	294.866873563
2.25	400	1.434	0.2	188.862296458
2.25	400	1.434	0.3	130.124974131
2.25	400	1.434	0.4	98.3221866483
2.25	400	1.434	0.5	79.2212349846
2.25	400	1.434	0.6	66.5478079839
2.25	400	1.434	0.7	57.5795600628
2.25	400	1.434	0.8	50.7567401294
2.25	400	1.434	0.9	45.5186882338
2.25	400	1.434	1	41.3726703432
2.25	500	0.434	0.1	95.1954267498
2.25	500	0.434	0.2	52.2006050333
2.25	500	0.434	0.3	37.2451625
2.25	500	0.434	0.4	29.4658558086
2.25	500	0.434	0.5	24.57609375
2.25	500	0.434	0.6	21.4571449219
2.25	500	0.434	0.7	19.1188867188
2.25	500	0.434	0.8	17.4027699219
2.25	500	0.434	0.9	15.9945703125
2.25	500	0.434	1	14.8509791016
2.25	500	1.434	0.1	285.579727939
2.25	500	1.434	0.2	187.563821853
2.25	500	1.434	0.3	128.504486261
2.25	500	1.434	0.4	98.009197783
2.25	500	1.434	0.5	78.8374916896
2.25	500	1.434	0.6	66.2102675791
2.25	500	1.434	0.7	57.1515627772
2.25	500	1.434	0.8	50.4163719853
2.25	500	1.434	0.9	45.0885207052
2.25	500	1.434	1	40.9327603526
2.25	600	0.434	0.1	94.2629039413
2.25	600	0.434	0.2	51.5175750039
2.25	600	0.434	0.3	36.593828125
2.25	600	0.434	0.4	28.9542088867
2.25	600	0.434	0.5	24.1132910156
2.25	600	0.434	0.6	20.9668652344
2.25	600	0.434	0.7	18.6271972656
2.25	600	0.434	0.8	16.8330126953
2.25	600	0.434	0.9	15.2585449219
2.25	600	0.434	1	14.3525390625
2.25	600	1.434	0.1	276.292582315
2.25	600	1.434	0.2	186.264896721
2.25	600	1.434	0.3	126.357964908
2.25	600	1.434	0.4	97.5020825514
2.25	600	1.434	0.5	78.5494048703
2.25	600	1.434	0.6	65.8766858806
2.25	600	1.434	0.7	56.8391406862
2.25	600	1.434	0.8	49.9950672598
2.25	600	1.434	0.9	44.7785278509
2.25	600	1.434	1	40.6084749987
2.25	700	0.434	0.1	93.1685274556
2.25	700	0.434	0.2	50.9123205038
2.25	700	0.434	0.3	35.971884375
2.25	700	0.434	0.4	28.3018640156
2.25	700	0.434	0.5	23.7637546875
2.25	700	0.434	0.6	20.4567515156
2.25	700	0.434	0.7	18.1157835937
2.25	700	0.434	0.8	16.3453171875
2.25	700	0.434	0.9	14.929453125
2.25	700	0.434	1	13.7784375
2.25	700	1.434	0.1	269.327223097
2.25	700	1.434	0.2	185.296382752
2.25	700	1.434	0.3	125.301781066
2.25	700	1.434	0.4	95.5559254951
2.25	700	1.434	0.5	78.5298460988
2.25	700	1.434	0.6	65.6218514102
2.25	700	1.434	0.7	56.5981269573
2.25	700	1.434	0.8	49.7784869731
2.25	700	1.434	0.9	44.5289908697
2.25	700	1.434	1	40.2797584375
2.25	800	0.434	0.1	91.7556911824
2.25	800	0.434	0.2	50.2598913145
2.25	800	0.434	0.3	35.3945725
2.25	800	0.434	0.4	27.86178625
2.25	800	0.434	0.5	23.10846875
2.25	800	0.434	0.6	19.912125
2.25	800	0.434	0.7	17.66915625
2.25	800	0.434	0.8	15.9128460156
2.25	800	0.434	0.9	14.5
2.25	800	0.434	1	13.364015625
2.25	800	1.434	0.1	262.361863879
2.25	800	1.434	0.2	184.853471372
2.25	800	1.434	0.3	124.217695624
2.25	800	1.434	0.4	94.3098587414
2.25	800	1.434	0.5	76.5400437501
2.25	800	1.434	0.6	65.3244017489
2.25	800	1.434	0.7	56.4621043107
2.25	800	1.434	0.8	49.5665423019
2.25	800	1.434	0.9	44.2339646334
2.25	800	1.434	1	40.0098386688
2.25	900	0.434	0.1	90.040970321
2.25	900	0.434	0.2	49.6590456813
2.25	900	0.434	0.3	34.9109526461
2.25	900	0.434	0.4	27.4007961719
2.25	900	0.434	0.5	22.774796875
2.25	900	0.434	0.6	19.571953125
2.25	900	0.434	0.7	17.2558945313
2.25	900	0.434	0.8	15.4796757813
2.25	900	0.434	0.9	14.1686992188
2.25	900	0.434	1	13.0402441406
2.25	900	1.434	0.1	257.718291067
2.25	900	1.434	0.2	184.544053607
2.25	900	1.434	0.3	123.65123146
2.25	900	1.434	0.4	93.6801079732
2.25	900	1.434	0.5	75.6009865521
2.25	900	1.434	0.6	63.9883026673
2.25	900	1.434	0.7	55.9205177913
2.25	900	1.434	0.8	49.3469822776
2.25	900	1.434	0.9	44.0256134766
2.25	900	1.434	1	39.8907017461
2.25	1000	0.434	0.1	89.4140222296
2.25	1000	0.434	0.2	49.2833003549
2.25	1000	0.434	0.3	34.7171749828
2.25	1000	0.434	0.4	27.0926805469
2.25	1000	0.434	0.5	22.4141996484
2.25	1000	0.434	0.6	19.2680433984
2.25	1000	0.434	0.7	17.0359027734
2.25	1000	0.434	0.8	15.248625
2.25	1000	0.434	0.9	13.875
2.25	1000	0.434	1	12.7450546875
2.25	1000	1.434	0.1	253.074718255
2.25	1000	1.434	0.2	184.245375651
2.25	1000	1.434	0.3	123.277773313
2.25	1000	1.434	0.4	92.9605066152
2.25	1000	1.434	0.5	74.9263541806
2.25	1000	1.434	0.6	63.0930162918
2.25	1000	1.434	0.7	54.7068070842
2.25	1000	1.434	0.8	48.4787662555
2.25	1000	1.434	0.9	43.6863988509
2.25	1000	1.434	1	39.6222717766
2.5	0	0.434	0.1	84.384228643
2.5	0	0.434	0.2	46.4776586828
2.5	0	0.434	0.3	33.4531965625
2.5	0	0.434	0.4	27.0136160938
2.5	0	0.434	0.5	22.7727946875
2.5	0	0.434	0.6	19.9931986719
2.5	0	0.434	0.7	17.957674668
2.5	0	0.434	0.8	16.4181986719
2.5	0	0.434	0.9	15.3317254492
2.5	0	0.434	1	14.3139648438
2.5	0	1.434	0.1	278.614368721
2.5	0	1.434	0.2	170.156584037
2.5	0	1.434	0.3	115.950587504
2.5	0	1.434	0.4	88.9177798865
2.5	0	1.434	0.5	71.4351357871
2.5	0	1.434	0.6	59.9597567902
2.5	0	1.434	0.7	51.6773451698
2.5	0	1.434	0.8	45.5637080639
2.5	0	1.434	0.9	40.8344238769
2.5	0	1.434	1	36.9334543594
2.5	100	0.434	0.1	83.2702109914
2.5	100	0.434	0.2	45.6327415557
2.5	100	0.434	0.3	32.6320945313
2.5	100	0.434	0.4	25.9906693359
2.5	100	0.434	0.5	21.920625
2.5	100	0.434	0.6	19.2406693359
2.5	100	0.434	0.7	17.214084668
2.5	100	0.434	0.8	15.6568412109
2.5	100	0.434	0.9	14.4220605469
2.5	100	0.434	1	13.5791015625
2.5	100	1.434	0.1	269.327223097
2.5	100	1.434	0.2	168.893582902
2.5	100	1.434	0.3	114.486405436
2.5	100	1.434	0.4	87.7302248082
2.5	100	1.434	0.5	71.2947348992
2.5	100	1.434	0.6	59.6991359608
2.5	100	1.434	0.7	51.3726878192
2.5	100	1.434	0.8	45.2249055913
2.5	100	1.434	0.9	40.4125466734
2.5	100	1.434	1	36.5874594076
2.5	200	0.434	0.1	82.3722565669
2.5	200	0.434	0.2	44.834759401
2.5	200	0.434	0.3	31.936
2.5	200	0.434	0.4	25.299
2.5	200	0.434	0.5	21.2730699
2.5	200	0.434	0.6	18.499
2.5	200	0.434	0.7	16.543015
2.5	200	0.434	0.8	14.994
2.5	200	0.434	0.9	13.77325
2.5	200	0.434	1	12.8000007629
2.5	200	1.434	0.1	264.683650285
2.5	200	1.434	0.2	168.610748037
2.5	200	1.434	0.3	113.801254487
2.5	200	1.434	0.4	86.4943332404
2.5	200	1.434	0.5	70.6105440748
2.5	200	1.434	0.6	59.5647385854
2.5	200	1.434	0.7	51.3014517312
2.5	200	1.434	0.8	45.039605257
2.5	200	1.434	0.9	40.255024457
2.5	200	1.434	1	36.4402155141
2.5	300	0.434	0.1	81.7170032658
2.5	300	0.434	0.2	44.2964497125
2.5	300	0.434	0.3	31.3477703906
2.5	300	0.434	0.4	24.790265625
2.5	300	0.434	0.5	20.725576875
2.5	300	0.434	0.6	18.0137391797
2.5	300	0.434	0.7	15.9928876172
2.5	300	0.434	0.8	14.2884319096
2.5	300	0.434	0.9	13.3061063672
2.5	300	0.434	1	12.3060058594
2.5	300	1.434	0.1	257.718291067
2.5	300	1.434	0.2	168.219256144
2.5	300	1.434	0.3	112.714864198
2.5	300	1.434	0.4	85.5244702835
2.5	300	1.434	0.5	69.2005973218
2.5	300	1.434	0.6	58.7819348444
2.5	300	1.434	0.7	51.0945312954
2.5	300	1.434	0.8	44.8245566165
2.5	300	1.434	0.9	40.0581465477
2.5	300	1.434	1	36.1612068492
2.5	400	0.434	0.1	80.8242503747
2.5	400	0.434	0.2	43.7561854644
2.5	400	0.434	0.3	30.8741315477
2.5	400	0.434	0.4	24.3043786645
2.5	400	0.434	0.5	20.3313823289
2.5	400	0.434	0.6	17.5701640625
2.5	400	0.434	0.7	15.5883027344
2.5	400	0.434	0.8	14.0773327734
2.5	400	0.434	0.9	12.827828125
2.5	400	0.434	1	11.9116210938
2.5	400	1.434	0.1	253.074718255
2.5	400	1.434	0.2	167.830754097
2.5	400	1.434	0.3	112.301255252
2.5	400	1.434	0.4	84.7074502953
2.5	400	1.434	0.5	68.4485361949
2.5	400	1.434	0.6	57.6001120224
2.5	400	1.434	0.7	49.9115229868
2.5	400	1.434	0.8	44.4717687161
2.5	400	1.434	0.9	39.8680830423
2.5	400	1.434	1	36.0248351343
2.5	500	0.434	0.1	79.4745170462
2.5	500	0.434	0.2	43.0127131016
2.5	500	0.434	0.3	30.3629196523
2.5	500	0.434	0.4	23.7996183594
2.5	500	0.434	0.5	19.8285246094
2.5	500	0.434	0.6	17.1147851562
2.5	500	0.434	0.7	15.1746183594
2.5	500	0.434	0.8	13.6490625
2.5	500	0.434	0.9	12.4406685547
2.5	500	0.434	1	11.5000006855
2.5	500	1.434	0.1	250.752931849
2.5	500	1.434	0.2	167.730760093
2.5	500	1.434	0.3	112.211320323
2.5	500	1.434	0.4	84.561852899
2.5	500	1.434	0.5	68.057291388
2.5	500	1.434	0.6	57.2337549944
2.5	500	1.434	0.7	49.493738999
2.5	500	1.434	0.8	43.7342522944
2.5	500	1.434	0.9	39.4609851655
2.5	500	1.434	1	35.9174229784
2.5	600	0.434	0.1	77.8955458539
2.5	600	0.434	0.2	42.7362579035
2.5	600	0.434	0.3	29.9953493
2.5	600	0.434	0.4	23.436035
2.5	600	0.434	0.5	19.48450875
2.5	600	0.434	0.6	16.7558125
2.5	600	0.434	0.7	14.77875875
2.5	600	0.434	0.8	13.3144396875
2.5	600	0.434	0.9	12.116129375
2.5	600	0.434	1	11.2000006676
2.5	600	1.434	0.1	246.109359037
2.5	600	1.434	0.2	167.484973979
2.5	600	1.434	0.3	111.955000491
2.5	600	1.434	0.4	84.1513769846
2.5	600	1.434	0.5	67.5112529683
2.5	600	1.434	0.6	56.5016139938
2.5	600	1.434	0.7	48.6949253027
2.5	600	1.434	0.8	42.9243587334
2.5	600	1.434	0.9	38.3332748892
2.5	600	1.434	1	34.8537352016
2.5	700	0.434	0.1	77.307165791
2.5	700	0.434	0.2	42.1432159844
2.5	700	0.434	0.3	29.6332263906
2.5	700	0.434	0.4	23.1893921875
2.5	700	0.434	0.5	19.1795355469
2.5	700	0.434	0.6	16.5
2.5	700	0.434	0.7	14.5148523438
2.5	700	0.434	0.8	13.0130859375
2.5	700	0.434	0.9	11.8146917969
2.5	700	0.434	1	11.0000006557
2.5	700	1.434	0.1	243.787572631
2.5	700	1.434	0.2	167.445789461
2.5	700	1.434	0.3	111.789072346
2.5	700	1.434	0.4	84.0479161943
2.5	700	1.434	0.5	67.3385270266
2.5	700	1.434	0.6	56.2806235096
2.5	700	1.434	0.7	48.39156102
2.5	700	1.434	0.8	42.4804065016
2.5	700	1.434	0.9	38.0106456717
2.5	700	1.434	1	34.4039462021
2.5	800	0.434	0.1	76.5434350503
2.5	800	0.434	0.2	41.4704221031
2.5	800	0.434	0.3	29.26148625
2.5	800	0.434	0.4	22.8521334375
2.5	800	0.434	0.5	18.873
2.5	800	0.434	0.6	16.2
2.5	800	0.434	0.7	14.2095979688
2.5	800	0.434	0.8	12.776484375
2.5	800	0.434	0.9	11.5792052344
2.5	800	0.434	1	10.8000006437
2.5	800	1.434	0.1	241.465786225
2.5	800	1.434	0.2	167.371664804
2.5	800	1.434	0.3	111.67893327
2.5	800	1.434	0.4	83.9237466597
2.5	800	1.434	0.5	67.2303796987
2.5	800	1.434	0.6	56.1403230903
2.5	800	1.434	0.7	48.1628791747
2.5	800	1.434	0.8	42.235081525
2.5	800	1.434	0.9	37.6100055516
2.5	800	1.434	1	33.9986313879
2.5	900	0.434	0.1	76.458018242
2.5	900	0.434	0.2	40.9938555484
2.5	900	0.434	0.3	29.0716574945
2.5	900	0.434	0.4	22.6405396094
2.5	900	0.434	0.5	18.69825
2.5	900	0.434	0.6	16.05
2.5	900	0.434	0.7	14.0983053502
2.5	900	0.434	0.8	12.5954945508
2.5	900	0.434	0.9	11.4515078125
2.5	900	0.434	1	10.7000006378
2.5	900	1.434	0.1	239.143999819
2.5	900	1.434	0.2	167.135377353
2.5	900	1.434	0.3	111.547527085
2.5	900	1.434	0.4	83.7865416086
2.5	900	1.434	0.5	67.1150094527
2.5	900	1.434	0.6	55.9862291127
2.5	900	1.434	0.7	48.053412735
2.5	900	1.434	0.8	42.1022505887
2.5	900	1.434	0.9	37.4794917838
2.5	900	1.434	1	33.787668411
2.5	1000	0.434	0.1	76.2707675653
2.5	1000	0.434	0.2	40.226023361
2.5	1000	0.434	0.3	28.3650604461
2.5	1000	0.434	0.4	22.136953125
2.5	1000	0.434	0.5	18.3077384766
2.5	1000	0.434	0.6	15.66796875
2.5	1000	0.434	0.7	13.7746875
2.5	1000	0.434	0.8	12.2579419922
2.5	1000	0.434	0.9	11.0945214844
2.5	1000	0.434	1	10.5000006258
2.5	1000	1.434	0.1	239.143999819
2.5	1000	1.434	0.2	167.135377353
2.5	1000	1.434	0.3	111.547527085
2.5	1000	1.434	0.4	83.7865416086
2.5	1000	1.434	0.5	67.1150094527
2.5	1000	1.434	0.6	55.9862291127
2.5	1000	1.434	0.7	48.053412735
2.5	1000	1.434	0.8	42.1022505887
2.5	1000	1.434	0.9	37.4794917838
2.5	1000	1.434	1	33.787668411
2.75	0	0.434	0.1	71.992139122
2.75	0	0.434	0.2	38.7125054875
2.75	0	0.434	0.3	27.325140625
2.75	0	0.434	0.4	21.6321345313
2.75	0	0.434	0.5	18.0602890625
2.75	0	0.434	0.6	15.6741453906
2.75	0	0.434	0.7	13.7721796875
2.75	0	0.434	0.8	12.6284296875
2.75	0	0.434	0.9	12.2000007272
2.75	0	0.434	1	12.2000007272
2.75	0	1.434	0.1	248.431145443
2.75	0	1.434	0.2	153.02869263
2.75	0	1.434	0.3	102.307831493
2.75	0	1.434	0.4	77.0026429573
2.75	0	1.434	0.5	61.8558494436
2.75	0	1.434	0.6	51.9651905028
2.75	0	1.434	0.7	44.9133979609
2.75	0	1.434	0.8	39.6682407423
2.75	0	1.434	0.9	35.6282485957
2.75	0	1.434	1	32.648441875
2.75	100	0.434	0.1	71.3816222467
2.75	100	0.434	0.2	38.173295
2.75	100	0.434	0.3	26.881911875
2.75	100	0.434	0.4	21.1957684375
2.75	100	0.434	0.5	17.65390625
2.75	100	0.434	0.6	15.2957684375
2.75	100	0.434	0.7	13.5027077344
2.75	100	0.434	0.8	12.1915664063
2.75	100	0.434	0.9	11.8000007033
2.75	100	0.434	1	11.8000007033
2.75	100	1.434	0.1	243.787572631
2.75	100	1.434	0.2	152.7352835
2.75	100	1.434	0.3	102.05476102
2.75	100	1.434	0.4	76.6561492249
2.75	100	1.434	0.5	61.4860782785
2.75	100	1.434	0.6	51.3162296727
2.75	100	1.434	0.7	44.1534900352
2.75	100	1.434	0.8	38.8479794071
2.75	100	1.434	0.9	34.7227195559
2.75	100	1.434	1	31.4351994141
2.75	200	0.434	0.1	70.3170670594
2.75	200	0.434	0.2	37.7417292018
2.75	200	0.434	0.3	26.4062385047
2.75	200	0.434	0.4	20.6990200781
2.75	200	0.434	0.5	17.188171875
2.75	200	0.434	0.6	14.8226763281
2.75	200	0.434	0.7	13.089515625
2.75	200	0.434	0.8	11.8003359375
2.75	200	0.434	0.9	11.4000006795
2.75	200	0.434	1	11.4000006795
2.75	200	1.434	0.1	241.465786225
2.75	200	1.434	0.2	152.678270695
2.75	200	1.434	0.3	101.896305446
2.75	200	1.434	0.4	76.5342356443
2.75	200	1.434	0.5	61.3313238911
2.75	200	1.434	0.6	51.1818750637
2.75	200	1.434	0.7	43.9679142516
2.75	200	1.434	0.8	38.5576238125
2.75	200	1.434	0.9	34.3916367466
2.75	200	1.434	1	31.096
2.75	300	0.434	0.1	69.4129523563
2.75	300	0.434	0.2	37.4191982518
2.75	300	0.434	0.3	26.1127734875
2.75	300	0.434	0.4	20.4645175
2.75	300	0.434	0.5	16.97325
2.75	300	0.434	0.6	14.60550875
2.75	300	0.434	0.7	12.902754375
2.75	300	0.434	0.8	11.55
2.75	300	0.434	0.9	11.2000006676
2.75	300	0.434	1	11.2000006676
2.75	300	1.434	0.1	241.465786225
2.75	300	1.434	0.2	152.678270695
2.75	300	1.434	0.3	101.896305446
2.75	300	1.434	0.4	76.5342356443
2.75	300	1.434	0.5	61.3313238911
2.75	300	1.434	0.6	51.1818750637
2.75	300	1.434	0.7	43.9679142516
2.75	300	1.434	0.8	38.5576238125
2.75	300	1.434	0.9	34.3916367466
2.75	300	1.434	1	31.096
2.75	400	0.434	0.1	67.8743685226
2.75	400	0.434	0.2	36.8442135524
2.75	400	0.434	0.3	25.6662129688
2.75	400	0.434	0.4	20.0415532422
2.75	400	0.434	0.5	16.5603401953
2.75	400	0.434	0.6	14.2142897656
2.75	400	0.434	0.7	12.4937056055
2.75	400	0.434	0.8	11.1976210938
2.75	400	0.434	0.9	10.9000006497
2.75	400	0.434	1	10.9000006497
2.75	400	1.434	0.1	239.143999819
2.75	400	1.434	0.2	152.479705534
2.75	400	1.434	0.3	101.802316499
2.75	400	1.434	0.4	76.4725987122
2.75	400	1.434	0.5	61.2378679869
2.75	400	1.434	0.6	51.0789681106
2.75	400	1.434	0.7	43.8145292366
2.75	400	1.434	0.8	38.4073118738
2.75	400	1.434	0.9	34.1765083822
2.75	400	1.434	1	30.797
2.75	500	0.434	0.1	67.5694174444
2.75	500	0.434	0.2	36.5479464234
2.75	500	0.434	0.3	25.5134390625
2.75	500	0.434	0.4	19.89903375
2.75	500	0.434	0.5	16.4084104688
2.75	500	0.434	0.6	14.0425354687
2.75	500	0.434	0.7	12.3584104688
2.75	500	0.434	0.8	11.053125
2.75	500	0.434	0.9	10.8000006437
2.75	500	0.434	1	10.8000006437
2.75	500	1.434	0.1	236.822213413
2.75	500	1.434	0.2	152.38665281
2.75	500	1.434	0.3	101.749386441
2.75	500	1.434	0.4	76.3213669985
2.75	500	1.434	0.5	61.0995333372
2.75	500	1.434	0.6	50.9661760091
2.75	500	1.434	0.7	43.7332264456
2.75	500	1.434	0.8	38.3050478062
2.75	500	1.434	0.9	34.0781984078
2.75	500	1.434	1	30.6928637883
2.75	600	0.434	0.1	67.2726287619
2.75	600	0.434	0.2	35.6702503859
2.75	600	0.434	0.3	25.13525
2.75	600	0.434	0.4	19.530533125
2.75	600	0.434	0.5	16.1045510156
2.75	600	0.434	0.6	13.74190625
2.75	600	0.434	0.7	12.08896875
2.75	600	0.434	0.8	10.765625
2.75	600	0.434	0.9	10.6000006318
2.75	600	0.434	1	10.6000006318
2.75	600	1.434	0.1	236.822213413
2.75	600	1.434	0.2	152.38665281
2.75	600	1.434	0.3	101.749386441
2.75	600	1.434	0.4	76.3213669985
2.75	600	1.434	0.5	61.0995333372
2.75	600	1.434	0.6	50.9661760091
2.75	600	1.434	0.7	43.7332264456
2.75	600	1.434	0.8	38.3050478062
2.75	600	1.434	0.9	34.0781984078
2.75	600	1.434	1	30.6928637883
2.75	700	0.434	0.1	67.262068541
2.75	700	0.434	0.2	35.2412799375
2.75	700	0.434	0.3	24.88513125
2.75	700	0.434	0.4	19.3462828125
2.75	700	0.434	0.5	15.912421875
2.75	700	0.434	0.6	13.6106414062
2.75	700	0.434	0.7	11.8937109375
2.75	700	0.434	0.8	10.623046875
2.75	700	0.434	0.9	10.5000006258
2.75	700	0.434	1	10.5000006258
2.75	700	1.434	0.1	236.822213413
2.75	700	1.434	0.2	152.38665281
2.75	700	1.434	0.3	101.749386441
2.75	700	1.434	0.4	76.3213669985
2.75	700	1.434	0.5	61.0995333372
2.75	700	1.434	0.6	50.9661760091
2.75	700	1.434	0.7	43.7332264456
2.75	700	1.434	0.8	38.3050478062
2.75	700	1.434	0.9	34.0781984078
2.75	700	1.434	1	30.6928637883
2.75	800	0.434	0.1	66.9274584606
2.75	800	0.434	0.2	34.91839
2.75	800	0.434	0.3	24.3295975
2.75	800	0.434	0.4	19.0816030438
2.75	800	0.434	0.5	15.6804375
2.75	800	0.434	0.6	13.4408015219
2.75	800	0.434	0.7	11.7
2.75	800	0.434	0.8	10.440625
2.75	800	0.434	0.9	10.4000006199
2.75	800	0.434	1	10.4000006199
2.75	800	1.434	0.1	234.500427007
2.75	800	1.434	0.2	152.389800246
2.75	800	1.434	0.3	101.626907175
2.75	800	1.434	0.4	76.2387076238
2.75	800	1.434	0.5	61.0227976564
2.75	800	1.434	0.6	50.8826333056
2.75	800	1.434	0.7	43.6091733798
2.75	800	1.434	0.8	38.1970946027
2.75	800	1.434	0.9	33.9876914055
2.75	800	1.434	1	30.584906718
2.75	900	0.434	0.1	66.8900030523
2.75	900	0.434	0.2	34.8160917055
2.75	900	0.434	0.3	23.8969171027
2.75	900	0.434	0.4	18.5818517969
2.75	900	0.434	0.5	15.3687265625
2.75	900	0.434	0.6	13.1131955469
2.75	900	0.434	0.7	11.5062265625
2.75	900	0.434	0.8	10.3000006139
2.75	900	0.434	0.9	10.3000006139
2.75	900	0.434	1	10.3000006139
2.75	900	1.434	0.1	234.500427007
2.75	900	1.434	0.2	152.389800246
2.75	900	1.434	0.3	101.626907175
2.75	900	1.434	0.4	76.2387076238
2.75	900	1.434	0.5	61.0227976564
2.75	900	1.434	0.6	50.8826333056
2.75	900	1.434	0.7	43.6091733798
2.75	900	1.434	0.8	38.1970946027
2.75	900	1.434	0.9	33.9876914055
2.75	900	1.434	1	30.584906718
2.75	1000	0.434	0.1	66.8900030523
2.75	1000	0.434	0.2	34.8160917055
2.75	1000	0.434	0.3	23.8969171027
2.75	1000	0.434	0.4	18.5818517969
2.75	1000	0.434	0.5	15.3687265625
2.75	1000	0.434	0.6	13.1131955469
2.75	1000	0.434	0.7	11.5062265625
2.75	1000	0.434	0.8	10.3000006139
2.75	1000	0.434	0.9	10.3000006139
2.75	1000	0.434	1	10.3000006139
2.75	1000	1.434	0.1	234.500427007
2.75	1000	1.434	0.2	152.389800246
2.75	1000	1.434	0.3	101.626907175
2.75	1000	1.434	0.4	76.2387076238
2.75	1000	1.434	0.5	61.0227976564
2.75	1000	1.434	0.6	50.8826333056
2.75	1000	1.434	0.7	43.6091733798
2.75	1000	1.434	0.8	38.1970946027
2.75	1000	1.434	0.9	33.9876914055
2.75	1000	1.434	1	30.584906718
3	0	0.434	0.1	62.3122727603
3	0	0.434	0.2	33.189
3	0	0.434	0.3	23.0567985938
3	0	0.434	0.4	18.023625
3	0	0.434	0.5	14.8592881641
3	0	0.434	0.6	12.7441961719
3	0	0.434	0.7	11.2734375
3	0	0.434	0.8	11.1000006616
3	0	0.434	0.9	11.1000006616
3	0	0.434	1	11.1000006616
3	0	1.434	0.1	236.822213413
3	0	1.434	0.2	140.98570827
3	0	1.434	0.3	94.0696611943
3	0	1.434	0.4	70.638989121
3	0	1.434	0.5	56.5036217646
3	0	1.434	0.6	47.1229969304
3	0	1.434	0.7	40.4169182812
3	0	1.434	0.8	35.4176272641
3	0	1.434	0.9	31.5125413266
3	0	1.434	1	28.3632275766
3	100	0.434	0.1	61.0227046493
3	100	0.434	0.2	32.9248465625
3	100	0.434	0.3	22.8082840625
3	100	0.434	0.4	17.698875
3	100	0.434	0.5	14.6332840625
3	100	0.434	0.6	12.5145710156
3	100	0.434	0.7	11.0062324219
3	100	0.434	0.8	10.9000006497
3	100	0.434	0.9	10.9000006497
3	100	0.434	1	10.9000006497
3	100	1.434	0.1	236.822213413
3	100	1.434	0.2	140.98570827
3	100	1.434	0.3	94.0696611943
3	100	1.434	0.4	70.638989121
3	100	1.434	0.5	56.5036217646
3	100	1.434	0.6	47.1229969304
3	100	1.434	0.7	40.4169182812
3	100	1.434	0.8	35.4176272641
3	100	1.434	0.9	31.5125413266
3	100	1.434	1	28.3632275766
3	200	0.434	0.1	60.227369039
3	200	0.434	0.2	32.4829428016
3	200	0.434	0.3	22.4750239844
3	200	0.434	0.4	17.4560552344
3	200	0.434	0.5	14.3647834375
3	200	0.434	0.6	12.203015625
3	200	0.434	0.7	10.78359375
3	200	0.434	0.8	10.7000006378
3	200	0.434	0.9	10.7000006378
3	200	0.434	1	10.7000006378
3	200	1.434	0.1	234.500427007
3	200	1.434	0.2	140.862285366
3	200	1.434	0.3	93.9410348596
3	200	1.434	0.4	70.5407593563
3	200	1.434	0.5	56.3953966967
3	200	1.434	0.6	47.0415154292
3	200	1.434	0.7	40.3276979664
3	200	1.434	0.8	35.3016303109
3	200	1.434	0.9	31.3973215621
3	200	1.434	1	28.2788834371
3	300	0.434	0.1	60.0049676795
3	300	0.434	0.2	32.018658125
3	300	0.434	0.3	22.3461415625
3	300	0.434	0.4	17.2929145313
3	300	0.434	0.5	14.1899508594
3	300	0.434	0.6	12.08896875
3	300	0.434	0.7	10.620703125
3	300	0.434	0.8	10.6000006318
3	300	0.434	0.9	10.6000006318
3	300	0.434	1	10.6000006318
3	300	1.434	0.1	234.500427007
3	300	1.434	0.2	140.862285366
3	300	1.434	0.3	93.9410348596
3	300	1.434	0.4	70.5407593563
3	300	1.434	0.5	56.3953966967
3	300	1.434	0.6	47.0415154292
3	300	1.434	0.7	40.3276979664
3	300	1.434	0.8	35.3016303109
3	300	1.434	0.9	31.3973215621
3	300	1.434	1	28.2788834371
3	400	0.434	0.1	60.062970299
3	400	0.434	0.2	31.5557976562
3	400	0.434	0.3	22.0549300781
3	400	0.434	0.4	17.1297738281
3	400	0.434	0.5	14.0560833984
3	400	0.434	0.6	11.9343164062
3	400	0.434	0.7	10.5000006258
3	400	0.434	0.8	10.5000006258
3	400	0.434	0.9	10.5000006258
3	400	0.434	1	10.5000006258
3	400	1.434	0.1	234.500427007
3	400	1.434	0.2	140.862285366
3	400	1.434	0.3	93.9410348596
3	400	1.434	0.4	70.5407593563
3	400	1.434	0.5	56.3953966967
3	400	1.434	0.6	47.0415154292
3	400	1.434	0.7	40.3276979664
3	400	1.434	0.8	35.3016303109
3	400	1.434	0.9	31.3973215621
3	400	1.434	1	28.2788834371
3	500	0.434	0.1	59.8000137767
3	500	0.434	0.2	30.935125
3	500	0.434	0.3	21.6816030438
3	500	0.434	0.4	16.84678125
3	500	0.434	0.5	13.8816030438
3	500	0.434	0.6	11.74021875
3	500	0.434	0.7	10.4000006199
3	500	0.434	0.8	10.4000006199
3	500	0.434	0.9	10.4000006199
3	500	0.434	1	10.4000006199
3	500	1.434	0.1	234.500427007
3	500	1.434	0.2	140.862285366
3	500	1.434	0.3	93.9410348596
3	500	1.434	0.4	70.5407593563
3	500	1.434	0.5	56.3953966967
3	500	1.434	0.6	47.0415154292
3	500	1.434	0.7	40.3276979664
3	500	1.434	0.8	35.3016303109
3	500	1.434	0.9	31.3973215621
3	500	1.434	1	28.2788834371
3	600	0.434	0.1	59.8495811624
3	600	0.434	0.2	30.797
3	600	0.434	0.3	21.077984375
3	600	0.434	0.4	16.4848361719
3	600	0.434	0.5	13.5911799219
3	600	0.434	0.6	11.547265625
3	600	0.434	0.7	10.3000006139
3	600	0.434	0.8	10.3000006139
3	600	0.434	0.9	10.3000006139
3	600	0.434	1	10.3000006139
3	600	1.434	0.1	232.178640601
3	600	1.434	0.2	140.841478125
3	600	1.434	0.3	93.8673480231
3	600	1.434	0.4	70.4307610897
3	600	1.434	0.5	56.3240373525
3	600	1.434	0.6	46.953985025
3	600	1.434	0.7	40.2316322656
3	600	1.434	0.8	35.2159130496
3	600	1.434	0.9	31.3142575004
3	600	1.434	1	28.1700310549
3	700	0.434	0.1	59.5777691456
3	700	0.434	0.2	30.810406875
3	700	0.434	0.3	20.9514454688
3	700	0.434	0.4	16.0092267187
3	700	0.434	0.5	13.0655625
3	700	0.434	0.6	11.1160078125
3	700	0.434	0.7	10.200000608
3	700	0.434	0.8	10.200000608
3	700	0.434	0.9	10.200000608
3	700	0.434	1	10.200000608
3	700	1.434	0.1	232.178640601
3	700	1.434	0.2	140.841478125
3	700	1.434	0.3	93.8673480231
3	700	1.434	0.4	70.4307610897
3	700	1.434	0.5	56.3240373525
3	700	1.434	0.6	46.953985025
3	700	1.434	0.7	40.2316322656
3	700	1.434	0.8	35.2159130496
3	700	1.434	0.9	31.3142575004
3	700	1.434	1	28.1700310549
3	800	0.434	0.1	59.5777691456
3	800	0.434	0.2	30.810406875
3	800	0.434	0.3	20.9514454688
3	800	0.434	0.4	16.0092267187
3	800	0.434	0.5	13.0655625
3	800	0.434	0.6	11.1160078125
3	800	0.434	0.7	10.200000608
3	800	0.434	0.8	10.200000608
3	800	0.434	0.9	10.200000608
3	800	0.434	1	10.200000608
3	800	1.434	0.1	232.178640601
3	800	1.434	0.2	140.841478125
3	800	1.434	0.3	93.8673480231
3	800	1.434	0.4	70.4307610897
3	800	1.434	0.5	56.3240373525
3	800	1.434	0.6	46.953985025
3	800	1.434	0.7	40.2316322656
3	800	1.434	0.8	35.2159130496
3	800	1.434	0.9	31.3142575004
3	800	1.434	1	28.1700310549
3	900	0.434	0.1	59.600049601
3	900	0.434	0.2	30.6614693734
3	900	0.434	0.3	20.8249375
3	900	0.434	0.4	15.9296095312
3	900	0.434	0.5	12.8980195703
3	900	0.434	0.6	10.8480351953
3	900	0.434	0.7	10.100000602
3	900	0.434	0.8	10.100000602
3	900	0.434	0.9	10.100000602
3	900	0.434	1	10.100000602
3	900	1.434	0.1	232.178640601
3	900	1.434	0.2	140.841478125
3	900	1.434	0.3	93.8673480231
3	900	1.434	0.4	70.4307610897
3	900	1.434	0.5	56.3240373525
3	900	1.434	0.6	46.953985025
3	900	1.434	0.7	40.2316322656
3	900	1.434	0.8	35.2159130496
3	900	1.434	0.9	31.3142575004
3	900	1.434	1	28.1700310549
3	1000	0.434	0.1	59.600049601
3	1000	0.434	0.2	30.6614693734
3	1000	0.434	0.3	20.8249375
3	1000	0.434	0.4	15.9296095312
3	1000	0.434	0.5	12.8980195703
3	1000	0.434	0.6	10.8480351953
3	1000	0.434	0.7	10.100000602
3	1000	0.434	0.8	10.100000602
3	1000	0.434	0.9	10.100000602
3	1000	0.434	1	10.100000602
3	1000	1.434	0.1	232.178640601
3	1000	1.434	0.2	140.841478125
3	1000	1.434	0.3	93.8673480231
3	1000	1.434	0.4	70.4307610897
3	1000	1.434	0.5	56.3240373525
3	1000	1.434	0.6	46.953985025
3	1000	1.434	0.7	40.2316322656
3	1000	1.434	0.8	35.2159130496
3	1000	1.434	0.9	31.3142575004
3	1000	1.434	1	28.1700310549
3.25	0	0.434	0.1	54.3957540262
3.25	0	0.434	0.2	28.7702625
3.25	0	0.434	0.3	19.9311328125
3.25	0	0.434	0.4	15.41859375
3.25	0	0.434	0.5	12.631171875
3.25	0	0.434	0.6	10.7866992187
3.25	0	0.434	0.7	10.5000006258
3.25	0	0.434	0.8	10.5000006258
3.25	0	0.434	0.9	10.5000006258
3.25	0	0.434	1	10.5000006258
3.25	0	1.434	0.1	232.178640601
3.25	0	1.434	0.2	130.947206994
3.25	0	1.434	0.3	87.3273950013
3.25	0	1.434	0.4	65.5242913787
3.25	0	1.434	0.5	52.3998488062
3.25	0	1.434	0.6	43.6398075031
3.25	0	1.434	0.7	37.4023592187
3.25	0	1.434	0.8	32.7285150008
3.25	0	1.434	0.9	29.1203904687
3.25	0	1.434	1	26.1940761523
3.25	100	0.434	0.1	54.4958427584
3.25	100	0.434	0.2	28.0168685875
3.25	100	0.434	0.3	19.660875
3.25	100	0.434	0.4	15.1913125
3.25	100	0.434	0.5	12.4304375
3.25	100	0.434	0.6	10.60271875
3.25	100	0.434	0.7	10.4000006199
3.25	100	0.434	0.8	10.4000006199
3.25	100	0.434	0.9	10.4000006199
3.25	100	0.434	1	10.4000006199
3.25	100	1.434	0.1	232.178640601
3.25	100	1.434	0.2	130.947206994
3.25	100	1.434	0.3	87.3273950013
3.25	100	1.434	0.4	65.5242913787
3.25	100	1.434	0.5	52.3998488062
3.25	100	1.434	0.6	43.6398075031
3.25	100	1.434	0.7	37.4023592187
3.25	100	1.434	0.8	32.7285150008
3.25	100	1.434	0.9	29.1203904687
3.25	100	1.434	1	26.1940761523
3.25	200	0.434	0.1	54.2779441927
3.25	200	0.434	0.2	27.7474756203
3.25	200	0.434	0.3	18.98096875
3.25	200	0.434	0.4	14.8859140625
3.25	200	0.434	0.5	12.23125
3.25	200	0.434	0.6	10.38046875
3.25	200	0.434	0.7	10.3000006139
3.25	200	0.434	0.8	10.3000006139
3.25	200	0.434	0.9	10.3000006139
3.25	200	0.434	1	10.3000006139
3.25	200	1.434	0.1	232.178640601
3.25	200	1.434	0.2	130.947206994
3.25	200	1.434	0.3	87.3273950013
3.25	200	1.434	0.4	65.5242913787
3.25	200	1.434	0.5	52.3998488062
3.25	200	1.434	0.6	43.6398075031
3.25	200	1.434	0.7	37.4023592187
3.25	200	1.434	0.8	32.7285150008
3.25	200	1.434	0.9	29.1203904687
3.25	200	1.434	1	26.1940761523
3.25	300	0.434	0.1	54.2779441927
3.25	300	0.434	0.2	27.7474756203
3.25	300	0.434	0.3	18.98096875
3.25	300	0.434	0.4	14.8859140625
3.25	300	0.434	0.5	12.23125
3.25	300	0.434	0.6	10.38046875
3.25	300	0.434	0.7	10.3000006139
3.25	300	0.434	0.8	10.3000006139
3.25	300	0.434	0.9	10.3000006139
3.25	300	0.434	1	10.3000006139
3.25	300	1.434	0.1	232.178640601
3.25	300	1.434	0.2	130.947206994
3.25	300	1.434	0.3	87.3273950013
3.25	300	1.434	0.4	65.5242913787
3.25	300	1.434	0.5	52.3998488062
3.25	300	1.434	0.6	43.6398075031
3.25	300	1.434	0.7	37.4023592187
3.25	300	1.434	0.8	32.7285150008
3.25	300	1.434	0.9	29.1203904687
3.25	300	1.434	1	26.1940761523
3.25	400	0.434	0.1	54.3694776167
3.25	400	0.434	0.2	27.635848125
3.25	400	0.434	0.3	18.7154301562
3.25	400	0.434	0.4	14.3405625
3.25	400	0.434	0.5	11.7905625
3.25	400	0.434	0.6	10.200000608
3.25	400	0.434	0.7	10.200000608
3.25	400	0.434	0.8	10.200000608
3.25	400	0.434	0.9	10.200000608
3.25	400	0.434	1	10.200000608
3.25	400	1.434	0.1	232.178640601
3.25	400	1.434	0.2	130.947206994
3.25	400	1.434	0.3	87.3273950013
3.25	400	1.434	0.4	65.5242913787
3.25	400	1.434	0.5	52.3998488062
3.25	400	1.434	0.6	43.6398075031
3.25	400	1.434	0.7	37.4023592187
3.25	400	1.434	0.8	32.7285150008
3.25	400	1.434	0.9	29.1203904687
3.25	400	1.434	1	26.1940761523
3.25	500	0.434	0.1	54.3694776167
3.25	500	0.434	0.2	27.635848125
3.25	500	0.434	0.3	18.7154301562
3.25	500	0.434	0.4	14.3405625
3.25	500	0.434	0.5	11.7905625
3.25	500	0.434	0.6	10.200000608
3.25	500	0.434	0.7	10.200000608
3.25	500	0.434	0.8	10.200000608
3.25	500	0.434	0.9	10.200000608
3.25	500	0.434	1	10.200000608
3.25	500	1.434	0.1	232.178640601
3.25	500	1.434	0.2	130.947206994
3.25	500	1.434	0.3	87.3273950013
3.25	500	1.434	0.4	65.5242913787
3.25	500	1.434	0.5	52.3998488062
3.25	500	1.434	0.6	43.6398075031
3.25	500	1.434	0.7	37.4023592187
3.25	500	1.434	0.8	32.7285150008
3.25	500	1.434	0.9	29.1203904687
3.25	500	1.434	1	26.1940761523
3.25	600	0.434	0.1	54.1426635192
3.25	600	0.434	0.2	27.5195804687
3.25	600	0.434	0.3	18.61240625
3.25	600	0.434	0.4	14.19996875
3.25	600	0.434	0.5	11.518734375
3.25	600	0.434	0.6	10.100000602
3.25	600	0.434	0.7	10.100000602
3.25	600	0.434	0.8	10.100000602
3.25	600	0.434	0.9	10.100000602
3.25	600	0.434	1	10.100000602
3.25	600	1.434	0.1	232.178640601
3.25	600	1.434	0.2	130.947206994
3.25	600	1.434	0.3	87.3273950013
3.25	600	1.434	0.4	65.5242913787
3.25	600	1.434	0.5	52.3998488062
3.25	600	1.434	0.6	43.6398075031
3.25	600	1.434	0.7	37.4023592187
3.25	600	1.434	0.8	32.7285150008
3.25	600	1.434	0.9	29.1203904687
3.25	600	1.434	1	26.1940761523
3.25	700	0.434	0.1	54.1426635192
3.25	700	0.434	0.2	27.5195804687
3.25	700	0.434	0.3	18.61240625
3.25	700	0.434	0.4	14.19996875
3.25	700	0.434	0.5	11.518734375
3.25	700	0.434	0.6	10.100000602
3.25	700	0.434	0.7	10.100000602
3.25	700	0.434	0.8	10.100000602
3.25	700	0.434	0.9	10.100000602
3.25	700	0.434	1	10.100000602
3.25	700	1.434	0.1	232.178640601
3.25	700	1.434	0.2	130.947206994
3.25	700	1.434	0.3	87.3273950013
3.25	700	1.434	0.4	65.5242913787
3.25	700	1.434	0.5	52.3998488062
3.25	700	1.434	0.6	43.6398075031
3.25	700	1.434	0.7	37.4023592187
3.25	700	1.434	0.8	32.7285150008
3.25	700	1.434	0.9	29.1203904687
3.25	700	1.434	1	26.1940761523
3.25	800	0.434	0.1	54.1426635192
3.25	800	0.434	0.2	27.5195804687
3.25	800	0.434	0.3	18.61240625
3.25	800	0.434	0.4	14.19996875
3.25	800	0.434	0.5	11.518734375
3.25	800	0.434	0.6	10.100000602
3.25	800	0.434	0.7	10.100000602
3.25	800	0.434	0.8	10.100000602
3.25	800	0.434	0.9	10.100000602
3.25	800	0.434	1	10.100000602
3.25	800	1.434	0.1	232.178640601
3.25	800	1.434	0.2	130.947206994
3.25	800	1.434	0.3	87.3273950013
3.25	800	1.434	0.4	65.5242913787
3.25	800	1.434	0.5	52.3998488062
3.25	800	1.434	0.6	43.6398075031
3.25	800	1.434	0.7	37.4023592187
3.25	800	1.434	0.8	32.7285150008
3.25	800	1.434	0.9	29.1203904687
3.25	800	1.434	1	26.1940761523
3.25	900	0.434	0.1	54.1426635192
3.25	900	0.434	0.2	27.5195804687
3.25	900	0.434	0.3	18.61240625
3.25	900	0.434	0.4	14.19996875
3.25	900	0.434	0.5	11.518734375
3.25	900	0.434	0.6	10.100000602
3.25	900	0.434	0.7	10.100000602
3.25	900	0.434	0.8	10.100000602
3.25	900	0.434	0.9	10.100000602
3.25	900	0.434	1	10.100000602
3.25	900	1.434	0.1	232.178640601
3.25	900	1.434	0.2	130.947206994
3.25	900	1.434	0.3	87.3273950013
3.25	900	1.434	0.4	65.5242913787
3.25	900	1.434	0.5	52.3998488062
3.25	900	1.434	0.6	43.6398075031
3.25	900	1.434	0.7	37.4023592187
3.25	900	1.434	0.8	32.7285150008
3.25	900	1.434	0.9	29.1203904687
3.25	900	1.434	1	26.1940761523
3.25	1000	0.434	0.1	53.9067837969
3.25	1000	0.434	0.2	27.425
3.25	1000	0.434	0.3	18.5046953125
3.25	1000	0.434	0.4	14.1359453125
3.25	1000	0.434	0.5	11.366015625
3.25	1000	0.434	0.6	10.000000596
3.25	1000	0.434	0.7	10.000000596
3.25	1000	0.434	0.8	10.000000596
3.25	1000	0.434	0.9	10.000000596
3.25	1000	0.434	1	10.000000596
3.25	1000	1.434	0.1	232.178640601
3.25	1000	1.434	0.2	130.947206994
3.25	1000	1.434	0.3	87.3273950013
3.25	1000	1.434	0.4	65.5242913787
3.25	1000	1.434	0.5	52.3998488062
3.25	1000	1.434	0.6	43.6398075031
3.25	1000	1.434	0.7	37.4023592187
3.25	1000	1.434	0.8	32.7285150008
3.25	1000	1.434	0.9	29.1203904687
3.25	1000	1.434	1	26.1940761523
